ActivitySiteID,ActivityDescription,BookingEndDateTime (Month / Day / Year),BookingStartTime,MaxBookees,Number Booked,Price (INR)
BRP,20:20:20  9.30-10.30am,1-Jun-18,9:30:00,35,28,499
BRP,20:20:20  9.30-10.30am,8-Jun-18,9:30:00,35,35,499
BRP,20:20:20  9.30-10.30am,15-Jun-18,9:30:00,35,31,499
BRP,20:20:20  9.30-10.30am,22-Jun-18,9:30:00,35,32,499
BRP,20:20:20  9.30-10.30am,29-Jun-18,9:30:00,35,19,499
BRP,20:20:20  10-11 Am,5-Jun-18,10:00:00,35,25,499
BRP,20:20:20  10-11 Am,12-Jun-18,10:00:00,35,23,499
BRP,20:20:20  10-11 Am,19-Jun-18,10:00:00,35,21,499
BRP,20:20:20  10-11 Am,26-Jun-18,10:00:00,35,18,499
BRP,20:20:20  10.00-11.00am,14-Jun-18,10:00:00,35,19,499
BRP,20:20:20  10.00-11.00am,21-Jun-18,10:00:00,35,22,499
BRP,20:20:20  10.00-11.00am,28-Jun-18,10:00:00,35,18,499
BRP,Aerobics,5-Jun-18,19:30:00,35,24,799
BRP,Aerobics,12-Jun-18,19:30:00,35,25,799
BRP,Aerobics,19-Jun-18,19:30:00,35,19,799
BRP,Aerobics,26-Jun-18,19:30:00,35,15,799
BRP,Aerobics 6.00-7.00pm,4-Jun-18,18:00:00,35,35,799
BRP,Aerobics 6.00-7.00pm,11-Jun-18,18:00:00,35,32,799
BRP,Aerobics 6.00-7.00pm,18-Jun-18,18:00:00,35,31,799
BRP,Aerobics 6.00-7.00pm,25-Jun-18,18:00:00,35,24,799
BRP,Aqua Fit 2.45 -3.45pm,6-Jun-18,14:45:00,35,16,999
BRP,Aqua Fit 14.45pm,13-Jun-18,14:30:00,35,25,999
BRP,Aqua Fit 14.45pm,20-Jun-18,14:30:00,35,27,999
BRP,Aqua Fit 14.45pm,27-Jun-18,14:30:00,35,18,999
BRP,Aqua Tots 10 -10.30am,2-Jun-18,10:00:00,10,6,1499
BRP,Aqua Tots 10 -10.30am,9-Jun-18,10:00:00,10,8,1499
BRP,Aqua Tots 10 -10.30am,16-Jun-18,10:00:00,10,10,1499
BRP,Aqua Tots 10 -10.30am,23-Jun-18,10:00:00,10,10,1499
BRP,Aqua Tots 10 -10.30am,30-Jun-18,10:00:00,10,7,1499
BRP,Aqua Tots 11.00-11.30am,6-Jun-18,11:00:00,10,3,1499
BRP,Aqua Tots 11.00-11.30am,13-Jun-18,11:00:00,10,6,1499
BRP,Aqua Tots 11.00-11.30am,20-Jun-18,11:00:00,10,7,1499
BRP,Aqua Tots 11.00-11.30am,27-Jun-18,11:00:00,10,9,1499
BRP,Aquababies 10.00 -10.30am,4-Jun-18,10:00:00,10,5,1499
BRP,Aquababies 10.00 -10.30am,11-Jun-18,10:00:00,10,9,1499
BRP,Aquababies 10.00 -10.30am,18-Jun-18,10:00:00,10,7,1499
BRP,Aquababies 10.00 -10.30am,25-Jun-18,10:00:00,10,6,1499
BRP,Aquababies 10.30-11.00am,6-Jun-18,10:30:00,10,5,1499
BRP,Aquababies 10.30-11.00am,13-Jun-18,10:30:00,10,6,1499
BRP,Aquababies 10.30-11.00am,20-Jun-18,10:30:00,10,3,1499
BRP,Aquababies 10.30-11.00am,27-Jun-18,10:30:00,10,5,1499
BRP,Aquafit  6.00-7.00pm,7-Jun-18,18:00:00,35,32,999
BRP,Aquafit  6.00-7.00pm,14-Jun-18,18:00:00,35,33,999
BRP,Aquafit  6.00-7.00pm,21-Jun-18,18:00:00,35,34,999
BRP,Aquafit  6.00-7.00pm,28-Jun-18,18:00:00,35,31,999
BRP,Aquafit 7.00-8.00pm,5-Jun-18,19:00:00,35,30,999
BRP,Aquafit 7.00-8.00pm,12-Jun-18,19:00:00,35,28,999
BRP,Aquafit 7.00-8.00pm,19-Jun-18,19:00:00,35,29,999
BRP,Aquafit 7.00-8.00pm,26-Jun-18,19:00:00,35,34,999
BRP,Aquafit 11.00-12.00 Noon,1-Jun-18,11:00:00,35,30,999
BRP,Aquafit 11.00-12.00 Noon,8-Jun-18,11:00:00,35,27,999
BRP,Aquafit 11.00-12.00 Noon,15-Jun-18,11:00:00,35,34,999
BRP,Aquafit 11.00-12.00 Noon,22-Jun-18,11:00:00,35,34,999
BRP,Aquafit 11.00-12.00 Noon,29-Jun-18,11:00:00,35,32,999
BRP,Aquafit 11am - 12,4-Jun-18,11:00:00,35,35,999
BRP,Aquafit 11am - 12,11-Jun-18,11:00:00,35,32,999
BRP,Aquafit 11am - 12,18-Jun-18,11:00:00,35,34,999
BRP,Aquafit 11am - 12,25-Jun-18,11:00:00,35,32,999
BRP,Aquatots 10.30-11am,4-Jun-18,10:30:00,10,4,1499
BRP,Aquatots 10.30-11am,11-Jun-18,10:30:00,10,6,1499
BRP,Aquatots 10.30-11am,18-Jun-18,10:30:00,10,6,1499
BRP,Aquatots 10.30-11am,25-Jun-18,10:30:00,10,7,1499
BRP,Aquatots/baby 11.30-12.00,6-Jun-18,11:30:00,10,6,1499
BRP,Aquatots/baby 11.30-12.00,13-Jun-18,11:30:00,10,3,1499
BRP,Aquatots/baby 11.30-12.00,20-Jun-18,11:30:00,10,2,1499
BRP,Aquatots/baby 11.30-12.00,27-Jun-18,11:30:00,10,4,1499
BRP,Blt Weigh Manage,14-Jun-18,12:30:00,30,3,1499
BRP,Bodsculp Aero 10.30-11.30,6-Jun-18,10:30:00,35,8,1999
BRP,Bodsculp Aero 10.30-11.30,13-Jun-18,10:30:00,35,9,1999
BRP,Bodsculp Aero 10.30-11.30,20-Jun-18,10:30:00,35,7,1999
BRP,Bodsculp Aero 10.30-11.30,27-Jun-18,10:30:00,35,9,1999
BRP,Body Attack 5.00-6.00pm,4-Jun-18,17:00:00,35,32,1999
BRP,Body Attack 5.00-6.00pm,11-Jun-18,17:00:00,35,30,1999
BRP,Body Attack 5.00-6.00pm,18-Jun-18,17:00:00,35,34,1999
BRP,Body Attack 5.00-6.00pm,25-Jun-18,17:00:00,35,23,1999
BRP,Body Attack 5.30 -6.30pm,6-Jun-18,17:30:00,35,32,1999
BRP,Body Attack 5.30 -6.30pm,13-Jun-18,17:30:00,35,27,1999
BRP,Body Attack 5.30 -6.30pm,20-Jun-18,17:30:00,35,33,1999
BRP,Body Attack 5.30 -6.30pm,27-Jun-18,17:30:00,35,27,1999
BRP,Body Attack 8.00-9.00pm,7-Jun-18,20:00:00,35,28,1999
BRP,Body Attack 8.00-9.00pm,14-Jun-18,20:00:00,35,31,1999
BRP,Body Attack 8.00-9.00pm,21-Jun-18,20:00:00,35,25,1999
BRP,Body Attack 8.00-9.00pm,28-Jun-18,20:00:00,35,19,1999
BRP,Body Attack 9-10 Am,30-Jun-18,9:00:00,35,21,1999
BRP,Body Attack 10.00-11.00am,11-Jun-18,10:00:00,35,7,1999
BRP,Body Attack 10.00-11.00am,18-Jun-18,10:00:00,35,19,1999
BRP,Body Attack 10.00-11.00am,25-Jun-18,10:00:00,35,29,1999
BRP,Body Combat 5-6pm,1-Jun-18,17:00:00,35,29,1499
BRP,Body Combat 5-6pm,8-Jun-18,17:00:00,35,29,1499
BRP,Body Combat 5-6pm,15-Jun-18,17:00:00,35,33,1499
BRP,Body Combat 5-6pm,22-Jun-18,17:00:00,35,27,1499
BRP,Body Combat 5-6pm,29-Jun-18,17:00:00,35,22,1499
BRP,Body Combat 6.00-7.00pm,7-Jun-18,18:00:00,35,27,1499
BRP,Body Combat 6.00-7.00pm,14-Jun-18,18:00:00,35,34,1499
BRP,Body Combat 6.00-7.00pm,21-Jun-18,18:00:00,35,28,1499
BRP,Body Combat 6.00-7.00pm,28-Jun-18,18:00:00,35,29,1499
BRP,Body Combat 7.00-8.00am,4-Jun-18,7:00:00,35,10,1499
BRP,Body Combat 7.00-8.00am,11-Jun-18,7:00:00,35,13,1499
BRP,Body Combat 7.00-8.00am,18-Jun-18,7:00:00,35,14,1499
BRP,Body Combat 7.00-8.00am,25-Jun-18,7:00:00,35,7,1499
BRP,Body Combat 7.00-8.00pm,4-Jun-18,19:00:00,35,35,1499
BRP,Body Combat 7.00-8.00pm,11-Jun-18,19:00:00,35,35,1499
BRP,Body Combat 7.00-8.00pm,18-Jun-18,19:00:00,35,34,1499
BRP,Body Combat 7.00-8.00pm,25-Jun-18,19:00:00,35,32,1499
BRP,Body Combat 9-10am,3-Jun-18,9:00:00,35,30,1499
BRP,Body Combat 9-10am,10-Jun-18,9:00:00,35,25,1499
BRP,Body Combat 9-10am,17-Jun-18,9:00:00,35,28,1499
BRP,Body Combat 9-10am,24-Jun-18,9:00:00,35,24,1499
BRP,Body Combat 10-11am,2-Jun-18,10:00:00,35,22,1499
BRP,Body Combat 10-11am,9-Jun-18,10:00:00,35,33,1499
BRP,Body Combat 10-11am,16-Jun-18,10:00:00,35,28,1499
BRP,Body Combat 10-11am,23-Jun-18,10:00:00,35,32,1499
BRP,Body Combat 10-11am,30-Jun-18,10:00:00,35,29,1499
BRP,Body Con 4.30-5.30pm,6-Jun-18,16:30:00,35,21,1299
BRP,Body Con 4.30-5.30pm,13-Jun-18,16:30:00,35,18,1299
BRP,Body Con 4.30-5.30pm,20-Jun-18,16:30:00,35,20,1299
BRP,Body Con 4.30-5.30pm,27-Jun-18,16:30:00,35,15,1299
BRP,Body Con 9.00-10.00am,2-Jun-18,9:00:00,35,32,1299
BRP,Body Con 9.00-10.00am,9-Jun-18,9:00:00,35,30,1299
BRP,Body Con 9.00-10.00am,16-Jun-18,9:00:00,35,31,1299
BRP,Body Con 9.00-10.00am,23-Jun-18,9:00:00,35,18,1299
BRP,Body Cond 8.00-9.00pm,4-Jun-18,20:00:00,35,31,1299
BRP,Body Cond 8.00-9.00pm,11-Jun-18,20:00:00,35,31,1299
BRP,Body Cond 8.00-9.00pm,18-Jun-18,20:00:00,35,22,1299
BRP,Body Cond 8.00-9.00pm,25-Jun-18,20:00:00,35,29,1299
BRP,Body Cond 11-12,2-Jun-18,11:00:00,35,13,1299
BRP,Body Cond 11-12,9-Jun-18,11:00:00,35,18,1299
BRP,Body Cond 11-12,16-Jun-18,11:00:00,35,15,1299
BRP,Body Cond 11-12,23-Jun-18,11:00:00,35,21,1299
BRP,Body Cond 11-12,30-Jun-18,11:00:00,35,23,1299
BRP,Body Cond  11-12noon,11-Jun-18,11:00:00,35,10,1299
BRP,Body Cond  11-12noon,18-Jun-18,11:00:00,35,16,1299
BRP,Body Cond  11-12noon,25-Jun-18,11:00:00,35,20,1299
BRP,Body Cond 12.00-12.45pm,6-Jun-18,12:00:00,35,15,1299
BRP,Body Cond 12.00-12.45pm,13-Jun-18,12:00:00,35,13,1299
BRP,Body Cond 12.00-12.45pm,20-Jun-18,12:00:00,35,15,1299
BRP,Body Cond 12.00-12.45pm,27-Jun-18,12:00:00,35,15,1299
BRP,Body Conditioning,5-Jun-18,18:30:00,35,26,1299
BRP,Body Conditioning,7-Jun-18,10:00:00,35,19,1299
BRP,Body Conditioning,12-Jun-18,18:30:00,35,26,1299
BRP,Body Conditioning,19-Jun-18,18:30:00,35,33,1299
BRP,Body Conditioning,26-Jun-18,18:30:00,35,32,1299
BRP,Fusion 5pm -6pm,7-Jun-18,17:00:00,35,27,999
BRP,Fusion 5pm -6pm,14-Jun-18,17:00:00,35,28,999
BRP,Fusion 5pm -6pm,21-Jun-18,17:00:00,35,29,999
BRP,Fusion 5pm -6pm,28-Jun-18,17:00:00,35,29,999
BRP,H.I.I.T 7.00-8.00am,6-Jun-18,7:00:00,35,16,2499
BRP,H.I.I.T 7.00-8.00am,13-Jun-18,7:00:00,35,11,2499
BRP,H.I.I.T 7.00-8.00am,20-Jun-18,7:00:00,35,9,2499
BRP,H.I.I.T 7.00-8.00am,27-Jun-18,7:00:00,35,12,2499
BRP,H.I.T.T 6pm - 6.45pm,1-Jun-18,18:00:00,35,11,2499
BRP,H.I.T.T 6pm - 6.45pm,8-Jun-18,18:00:00,35,17,2499
BRP,H.I.T.T 6pm - 6.45pm,15-Jun-18,18:00:00,35,12,2499
BRP,H.I.T.T 6pm - 6.45pm,22-Jun-18,18:00:00,35,9,2499
BRP,Hatton Abc Box  10-11am,3-Jun-18,10:00:00,20,20,1999
BRP,Hatton Abc Box  10-11am,10-Jun-18,10:00:00,20,16,1999
BRP,Hatton Abc Box  10-11am,17-Jun-18,10:00:00,20,12,1999
BRP,Hatton Abc Box  10-11am,24-Jun-18,10:00:00,20,13,1999
BRP,Jnr Gym Ind 3.30-4.00pm,1-Jun-18,15:30:00,2,1,2999
BRP,Jnr Gym Ind 3.30-4.00pm,4-Jun-18,15:30:00,2,1,2999
BRP,Jnr Gym Ind 3.30-4.00pm,11-Jun-18,15:30:00,2,1,2999
BRP,Jnr Gym Ind 3.30-4.00pm,18-Jun-18,15:30:00,2,1,2999
BRP,Jnr Gym Ind 3.30-4.00pm,19-Jun-18,15:30:00,2,1,2999
BRP,Jnr Gym Ind 3.30-4.00pm,21-Jun-18,15:30:00,2,1,2999
BRP,Jnr Gym Ind 3.30-4.00pm,27-Jun-18,15:30:00,2,1,2999
BRP,Jnr Gym Ind 3.30-4.00pm,29-Jun-18,15:30:00,2,2,2999
BRP,Jnr Gym Ind 10.30-11.00am,3-Jun-18,10:30:00,2,1,2999
BRP,Jnr Gym Ind 10.30-11.00am,10-Jun-18,10:30:00,2,2,2999
BRP,Junior Gym 4.00-5.00pm,4-Jun-18,16:00:00,10,1,2999
BRP,Junior Gym 4.00-5.00pm,5-Jun-18,16:00:00,10,1,2999
BRP,Junior Gym 4.00-5.00pm,7-Jun-18,16:00:00,10,2,2999
BRP,Junior Gym 4.00-5.00pm,11-Jun-18,16:00:00,10,1,2999
BRP,Junior Gym 4.00-5.00pm,15-Jun-18,16:00:00,10,3,2999
BRP,Junior Gym 4.00-5.00pm,18-Jun-18,16:00:00,10,1,2999
BRP,Junior Gym 4.00-5.00pm,21-Jun-18,16:00:00,10,2,2999
BRP,Junior Gym 11.00-12.00,3-Jun-18,11:00:00,10,1,2999
BRP,Junior Gym 11.00-12.00,17-Jun-18,11:00:00,10,2,2999
BRP,Legs Bums Tums 12.30-1.30,1-Jun-18,12:30:00,35,15,1999
BRP,Legs Bums Tums 12.30-1.30,8-Jun-18,12:30:00,35,18,1999
BRP,Legs Bums Tums 12.30-1.30,15-Jun-18,12:30:00,35,12,1999
BRP,Legs Bums Tums 12.30-1.30,22-Jun-18,12:30:00,35,16,1999
BRP,Legs Bums Tums 12.30-1.30,29-Jun-18,12:30:00,35,12,1999
BRP,Nice N Easy 9.30-10.30am,6-Jun-18,9:30:00,35,25,999
BRP,Nice N Easy 9.30-10.30am,13-Jun-18,9:30:00,35,17,999
BRP,Nice N Easy 9.30-10.30am,20-Jun-18,9:30:00,35,16,999
BRP,Nice N Easy 9.30-10.30am,27-Jun-18,9:30:00,35,18,999
BRP,Pilates 1.45-2.45pm,6-Jun-18,13:45:00,35,18,2999
BRP,Pilates 1.45-2.45pm,20-Jun-18,13:45:00,35,16,2999
BRP,Pilates 1.45-2.45pm,27-Jun-18,13:45:00,35,18,2999
BRP,Pilates 7.30-8.30pm,13-Jun-18,19:30:00,35,21,2999
BRP,Pilates 7.30-8.30pm,20-Jun-18,19:30:00,35,20,2999
BRP,Pilates 7.30-8.30pm,27-Jun-18,19:30:00,35,17,2999
BRP,Pilates 11.00-12.00 Noon,5-Jun-18,11:00:00,35,30,2999
BRP,Pilates 11.00-12.00 Noon,12-Jun-18,11:00:00,35,23,2999
BRP,Pilates 11.00-12.00 Noon,19-Jun-18,11:00:00,35,26,2999
BRP,Pilates 11.00-12.00 Noon,26-Jun-18,11:00:00,35,24,2999
BRP,Pilates 12.15-1.15pm,4-Jun-18,12:15:00,35,20,2999
BRP,Pilates 12.15-1.15pm,11-Jun-18,12:15:00,35,24,2999
BRP,Pilates 12.15-1.15pm,18-Jun-18,12:15:00,35,23,2999
BRP,Pilates 12.15-1.15pm,25-Jun-18,12:15:00,35,20,2999
BRP,Pure Stretch  11.00 12.00,3-Jun-18,11:00:00,35,26,999
BRP,Pure Stretch  11.00 12.00,10-Jun-18,11:00:00,35,22,999
BRP,Pure Stretch  11.00 12.00,17-Jun-18,11:00:00,35,21,999
BRP,Pure Stretch  11.00 12.00,24-Jun-18,11:00:00,35,17,999
BRP,Stretch And Tone 12-1pm,5-Jun-18,12:00:00,35,8,1499
BRP,Stretch And Tone 12-1pm,12-Jun-18,12:00:00,35,7,1499
BRP,Stretch And Tone 12-1pm,19-Jun-18,12:00:00,35,7,1499
BRP,Stretch And Tone 12-1pm,26-Jun-18,12:00:00,35,8,1499
BRP,Strokeskills 7.15-8.15pm,1-Jun-18,19:15:00,10,2,2999
BRP,Strokeskills 7.15-8.15pm,8-Jun-18,19:15:00,10,3,2999
BRP,Strokeskills 7.15-8.15pm,15-Jun-18,19:15:00,10,3,2999
BRP,Strokeskills 7.15-8.15pm,22-Jun-18,19:15:00,10,2,2999
BRP,Strokeskills 7.15-8.15pm,29-Jun-18,19:15:00,10,3,2999
BRP,Strokeskills 7pm -8pm,6-Jun-18,19:00:00,10,10,2999
BRP,Strokeskills 7pm -8pm,13-Jun-18,19:00:00,10,9,2999
BRP,Strokeskills 7pm -8pm,20-Jun-18,19:00:00,10,10,2999
BRP,Strokeskills 7pm -8pm,27-Jun-18,19:00:00,10,9,2999
BRP,Swimfit 7am-8am,5-Jun-18,7:00:00,15,5,1499
BRP,Swimfit 7am-8am,12-Jun-18,7:00:00,15,9,1499
BRP,Swimfit 7am-8am,19-Jun-18,7:00:00,15,7,1499
BRP,Swimfit 7am-8am,26-Jun-18,7:00:00,15,6,1499
BRP,Swimfit  8pm - 9pm,6-Jun-18,20:00:00,10,9,1499
BRP,Swimfit  8pm - 9pm,13-Jun-18,20:00:00,10,7,1499
BRP,Swimfit  8pm - 9pm,20-Jun-18,20:00:00,10,10,1499
BRP,Swimfit  8pm - 9pm,27-Jun-18,20:00:00,10,10,1499
BRP,Yogalates  6.30-7.30pm,13-Jun-18,18:30:00,35,27,2999
BRP,Yogalates  6.30-7.30pm,20-Jun-18,18:30:00,35,17,2999
BRP,Yogalates  6.30-7.30pm,27-Jun-18,18:30:00,35,18,2999
BRP,Yogalates 7.00-8.00pm,7-Jun-18,19:00:00,35,28,2999
BRP,Yogalates 7.00-8.00pm,14-Jun-18,19:00:00,35,33,2999
BRP,Yogalates 7.00-8.00pm,21-Jun-18,19:00:00,35,24,2999
BRP,Yogalates 7.00-8.00pm,28-Jun-18,19:00:00,35,24,2999
BRP,Yogalates 10.30am,1-Jun-18,10:30:00,35,18,2999
BRP,Yogalates 10.30am,8-Jun-18,10:30:00,35,17,2999
BRP,Yogalates 10.30am,15-Jun-18,10:30:00,35,20,2999
BRP,Yogalates 10.30am,22-Jun-18,10:30:00,35,20,2999
BRP,Yogalates 10.30am,29-Jun-18,10:30:00,35,19,2999
BRP,Yogalates 11.00-12.00,7-Jun-18,11:00:00,35,13,2999
BRP,Yogalates 11.00-12.00,14-Jun-18,11:00:00,35,11,2999
BRP,Yogalates 11.00-12.00,21-Jun-18,11:00:00,35,16,2999
BRP,Yogalates 11.00-12.00,28-Jun-18,11:00:00,35,16,2999
BRP,Zumba,5-Jun-18,17:30:00,35,28,1299
BRP,Zumba,12-Jun-18,17:30:00,35,20,1299
BRP,Zumba,19-Jun-18,17:30:00,35,20,1299
BRP,Zumba,26-Jun-18,17:30:00,35,18,1299
BRP,Zumba 12.45-1.45pm,6-Jun-18,12:45:00,35,16,1299
BRP,Zumba 12.45-1.45pm,13-Jun-18,12:45:00,35,14,1299
BRP,Zumba 12.45-1.45pm,20-Jun-18,12:45:00,35,10,1299
BRP,Zumba 12.45-1.45pm,27-Jun-18,12:45:00,35,13,1299
HXP,Aqua Fit 4pm - 5pm,10-Jun-18,16:00:00,25,15,999
HXP,Aqua Fit 4pm - 5pm,17-Jun-18,16:00:00,25,13,999
HXP,Aqua Fit 4pm - 5pm,24-Jun-18,16:00:00,25,18,999
HXP,Aqua Fit 12.15 -13.15,1-Jun-18,12:15:00,25,14,999
HXP,Aqua Fit 12.15 -13.15,7-Jun-18,12:15:00,25,14,999
HXP,Aqua Fit 12.15 -13.15,8-Jun-18,12:15:00,25,15,999
HXP,Aqua Fit 12.15 -13.15,14-Jun-18,12:15:00,25,19,999
HXP,Aqua Fit 12.15 -13.15,15-Jun-18,12:15:00,25,15,999
HXP,Aqua Fit 12.15 -13.15,21-Jun-18,12:15:00,25,17,999
HXP,Aqua Fit 12.15 -13.15,22-Jun-18,12:15:00,25,16,999
HXP,Aqua Fit 12.15 -13.15,28-Jun-18,12:15:00,25,17,999
HXP,Aqua Fit 12.15 -13.15,29-Jun-18,12:15:00,25,11,999
HXP,Aqua Fit 12.15-13.00,4-Jun-18,12:15:00,25,8,999
HXP,Aqua Fit 12.15-13.00,11-Jun-18,12:15:00,25,13,999
HXP,Aqua Fit 12.15-13.00,18-Jun-18,12:15:00,25,18,999
HXP,Aqua Fit 12.15-13.00,25-Jun-18,12:15:00,25,16,999
HXP,Aquafit 7.00-8.00pm,5-Jun-18,19:00:00,20,15,999
HXP,Aquafit 7.00-8.00pm,12-Jun-18,19:00:00,20,17,999
HXP,Aquafit 7.00-8.00pm,19-Jun-18,19:00:00,20,16,999
HXP,Aquafit 7.00-8.00pm,26-Jun-18,19:00:00,20,20,999
HXP,Body Con   2.45pm-3.45pm,3-Jun-18,14:45:00,25,3,1299
HXP,Body Con   2.45pm-3.45pm,10-Jun-18,14:45:00,25,9,1299
HXP,Body Con   2.45pm-3.45pm,17-Jun-18,14:45:00,25,7,1299
HXP,Body Con   2.45pm-3.45pm,24-Jun-18,14:45:00,25,10,1299
HXP,Body Con   11am -12noon,2-Jun-18,11:00:00,25,12,1299
HXP,Body Con   11am -12noon,9-Jun-18,11:00:00,25,11,1299
HXP,Body Con   11am -12noon,16-Jun-18,11:00:00,25,10,1299
HXP,Body Con   11am -12noon,23-Jun-18,11:00:00,25,13,1299
HXP,Body Con   11am -12noon,30-Jun-18,11:00:00,25,6,1299
HXP,Body Cond 3.50pm - 4.50pm,3-Jun-18,15:50:00,25,2,1299
HXP,Body Cond 3.50pm - 4.50pm,10-Jun-18,15:50:00,25,7,1299
HXP,Body Cond 3.50pm - 4.50pm,17-Jun-18,15:50:00,25,4,1299
HXP,Body Cond 3.50pm - 4.50pm,24-Jun-18,15:50:00,25,7,1299
HXP,Body Cond 7.30-8.30pm,4-Jun-18,19:30:00,25,28,1299
HXP,Body Cond 7.30-8.30pm,6-Jun-18,19:30:00,25,23,1299
HXP,Body Cond 7.30-8.30pm,11-Jun-18,19:30:00,25,23,1299
HXP,Body Cond 7.30-8.30pm,13-Jun-18,19:30:00,25,23,1299
HXP,Body Cond 7.30-8.30pm,18-Jun-18,19:30:00,25,25,1299
HXP,Body Cond 7.30-8.30pm,20-Jun-18,19:30:00,25,22,1299
HXP,Body Cond 7.30-8.30pm,25-Jun-18,19:30:00,25,17,1299
HXP,Body Cond 7.30-8.30pm,27-Jun-18,19:30:00,25,17,1299
HXP,Body Cond 12.00 - 1.00pm,1-Jun-18,12:00:00,25,21,1299
HXP,Body Cond 12.00 - 1.00pm,8-Jun-18,12:00:00,25,18,1299
HXP,Body Cond 12.00 - 1.00pm,15-Jun-18,12:00:00,25,17,1299
HXP,Body Cond 12.00 - 1.00pm,22-Jun-18,12:00:00,25,24,1299
HXP,Body Cond 12.00 - 1.00pm,29-Jun-18,12:00:00,25,16,1299
HXP,Body Condition 10 -11am,5-Jun-18,10:00:00,25,22,1299
HXP,Body Condition 10 -11am,12-Jun-18,10:00:00,25,19,1299
HXP,Body Condition 10 -11am,19-Jun-18,10:00:00,25,24,1299
HXP,Body Condition 10 -11am,26-Jun-18,10:00:00,25,23,1299
HXP,Body Conditioning 10-11am,6-Jun-18,10:00:00,25,12,1299
HXP,Body Conditioning 10-11am,13-Jun-18,10:00:00,25,15,1299
HXP,Body Conditioning 10-11am,20-Jun-18,10:00:00,25,14,1299
HXP,Body Conditioning 10-11am,27-Jun-18,10:00:00,25,9,1299
HXP,Bodycondition 12.30-13.30,5-Jun-18,12:30:00,25,7,1299
HXP,Bodycondition 12.30-13.30,12-Jun-18,12:30:00,25,6,1299
HXP,Bodycondition 12.30-13.30,19-Jun-18,12:30:00,25,14,1299
HXP,Bodycondition 12.30-13.30,26-Jun-18,12:30:00,25,10,1299
HXP,Gentle Keep Fit 2-3pm,5-Jun-18,14:00:00,25,4,999
HXP,Gentle Keep Fit 2-3pm,12-Jun-18,14:00:00,25,5,999
HXP,Gentle Keep Fit 2-3pm,19-Jun-18,14:00:00,25,7,999
HXP,Gentle Keep Fit 2-3pm,26-Jun-18,14:00:00,25,7,999
HXP,Gentle Keep Fit 11.10-12,7-Jun-18,11:10:00,27,11,999
HXP,Gentle Keep Fit 11.10-12,14-Jun-18,11:10:00,27,11,999
HXP,Gentle Keep Fit 11.10-12,21-Jun-18,11:10:00,27,12,999
HXP,Gentle Keep Fit 11.10-12,28-Jun-18,11:10:00,27,4,999
HXP,H.I.I.T. 6.25-7.25pm,6-Jun-18,18:25:00,25,15,2499
HXP,H.I.I.T. 6.25-7.25pm,13-Jun-18,18:25:00,25,13,2499
HXP,H.I.I.T. 6.25-7.25pm,20-Jun-18,18:25:00,25,12,2499
HXP,H.I.I.T. 6.25-7.25pm,27-Jun-18,18:25:00,25,14,2499
HXP,Jnr Gym Appoint 4-5pm,5-Jun-18,16:00:00,10,3,2999
HXP,Jnr Gym Appoint 4-5pm,6-Jun-18,16:00:00,10,1,2999
HXP,Jnr Gym Appoint 4-5pm,7-Jun-18,16:00:00,10,3,2999
HXP,Jnr Gym Appoint 4-5pm,8-Jun-18,16:00:00,10,1,2999
HXP,Jnr Gym Appoint 4-5pm,13-Jun-18,16:00:00,10,2,2999
HXP,Jnr Gym Appoint 4-5pm,19-Jun-18,16:00:00,10,4,2999
HXP,Jnr Gym Appoint 4-5pm,22-Jun-18,16:00:00,10,1,2999
HXP,Jnr Gym Appoint 4-5pm,28-Jun-18,16:00:00,10,2,2999
HXP,Jnr Gym Appoint 4-5pm,29-Jun-18,16:00:00,10,2,2999
HXP,Jnr Gym Appoint 11-12,2-Jun-18,11:00:00,10,5,2999
HXP,Jnr Gym Appoint 11-12,9-Jun-18,11:00:00,10,5,2999
HXP,Jnr Gym Appoint 11-12,16-Jun-18,11:00:00,10,8,2999
HXP,Jnr Gym Appoint 11-12,23-Jun-18,11:00:00,10,6,2999
HXP,Jnr Gym Appoint 11-12,30-Jun-18,11:00:00,10,4,2999
HXP,Junior Swimfit 7pm-8pm,15-Jun-18,19:00:00,4,2,3999
HXP,Junior Swimfit 7pm-8pm,22-Jun-18,19:00:00,4,1,3999
HXP,Line Dancing 1.15-2.00pm,6-Jun-18,13:15:00,21,8,1499
HXP,Line Dancing 1.15-2.00pm,13-Jun-18,13:15:00,21,9,1499
HXP,Line Dancing 1.15-2.00pm,20-Jun-18,13:15:00,21,14,1499
HXP,Line Dancing 1.15-2.00pm,27-Jun-18,13:15:00,21,12,1499
HXP,Line Dancing 2pm -3pm,6-Jun-18,14:00:00,21,7,1499
HXP,Line Dancing 2pm -3pm,13-Jun-18,14:00:00,21,10,1499
HXP,Line Dancing 2pm -3pm,20-Jun-18,14:00:00,21,8,1499
HXP,Line Dancing 2pm -3pm,27-Jun-18,14:00:00,21,14,1499
HXP,Pilates 9-10am,6-Jun-18,9:00:00,25,22,2999
HXP,Pilates 9-10am,13-Jun-18,9:00:00,25,21,2999
HXP,Pilates 9-10am,20-Jun-18,9:00:00,25,20,2999
HXP,Pilates 9-10am,27-Jun-18,9:00:00,25,18,2999
HXP,Pilates 9.00-9.50am,7-Jun-18,9:00:00,25,25,2999
HXP,Pilates 9.00-9.50am,14-Jun-18,9:00:00,25,21,2999
HXP,Pilates 9.00-9.50am,21-Jun-18,9:00:00,25,25,2999
HXP,Pilates 9.00-9.50am,28-Jun-18,9:00:00,25,25,2999
HXP,Pilates   9.00-10.00am,5-Jun-18,9:00:00,25,25,2999
HXP,Pilates   9.00-10.00am,12-Jun-18,9:00:00,25,25,2999
HXP,Pilates   9.00-10.00am,19-Jun-18,9:00:00,25,21,2999
HXP,Pilates   9.00-10.00am,26-Jun-18,9:00:00,25,23,2999
HXP,Pilates 13.45-14.45,4-Jun-18,13:45:00,25,10,2999
HXP,Pilates 13.45-14.45,11-Jun-18,13:45:00,25,13,2999
HXP,Pilates 13.45-14.45,18-Jun-18,13:45:00,25,19,2999
HXP,Pilates 13.45-14.45,25-Jun-18,13:45:00,25,13,2999
HXP,Rock Roll Dancing 3 - 4pm,6-Jun-18,15:00:00,24,7,1999
HXP,Rock Roll Dancing 3 - 4pm,13-Jun-18,15:00:00,24,6,1999
HXP,Rock Roll Dancing 3 - 4pm,20-Jun-18,15:00:00,24,6,1999
HXP,Rock Roll Dancing 3 - 4pm,27-Jun-18,15:00:00,24,10,1999
HXP,Strokeskills 6pm - 7pm,1-Jun-18,18:00:00,10,8,2999
HXP,Strokeskills 6pm - 7pm,8-Jun-18,18:00:00,10,10,2999
HXP,Strokeskills 6pm - 7pm,15-Jun-18,18:00:00,10,10,2999
HXP,Strokeskills 6pm - 7pm,22-Jun-18,18:00:00,10,10,2999
HXP,Strokeskills 6pm - 7pm,29-Jun-18,18:00:00,10,8,2999
HXP,Studio Cyc 1.10 - 2.00pm,1-Jun-18,13:10:00,27,23,1999
HXP,Studio Cyc 1.10 - 2.00pm,8-Jun-18,13:10:00,27,21,1999
HXP,Studio Cyc 1.10 - 2.00pm,15-Jun-18,13:10:00,27,21,1999
HXP,Studio Cyc 1.10 - 2.00pm,22-Jun-18,13:10:00,27,23,1999
HXP,Studio Cyc 1.10 - 2.00pm,29-Jun-18,13:10:00,27,21,1999
HXP,Studio Cyc 4.20-5.10pm,6-Jun-18,16:20:00,27,24,1999
HXP,Studio Cyc 4.20-5.10pm,13-Jun-18,16:20:00,27,17,1999
HXP,Studio Cyc 4.20-5.10pm,20-Jun-18,16:20:00,27,16,1999
HXP,Studio Cyc 4.20-5.10pm,27-Jun-18,16:20:00,27,22,1999
HXP,Studio Cyc 5.00-5.50pm,5-Jun-18,17:00:00,27,27,1999
HXP,Studio Cyc 5.00-5.50pm,7-Jun-18,17:00:00,27,16,1999
HXP,Studio Cyc 5.00-5.50pm,12-Jun-18,17:00:00,27,20,1999
HXP,Studio Cyc 5.00-5.50pm,14-Jun-18,17:00:00,27,10,1999
HXP,Studio Cyc 5.00-5.50pm,19-Jun-18,17:00:00,27,26,1999
HXP,Studio Cyc 5.00-5.50pm,21-Jun-18,17:00:00,27,20,1999
HXP,Studio Cyc 5.00-5.50pm,26-Jun-18,17:00:00,27,25,1999
HXP,Studio Cyc 5.00-5.50pm,28-Jun-18,17:00:00,27,24,1999
HXP,Studio Cyc 5.10-6.00pm,1-Jun-18,17:10:00,27,26,1999
HXP,Studio Cyc 5.10-6.00pm,8-Jun-18,17:10:00,27,25,1999
HXP,Studio Cyc 5.10-6.00pm,15-Jun-18,17:10:00,27,27,1999
HXP,Studio Cyc 5.10-6.00pm,22-Jun-18,17:10:00,27,25,1999
HXP,Studio Cyc 5.10-6.00pm,29-Jun-18,17:10:00,27,15,1999
HXP,Studio Cyc 5.20-6.10pm,4-Jun-18,17:20:00,27,25,1999
HXP,Studio Cyc 5.20-6.10pm,6-Jun-18,17:20:00,27,22,1999
HXP,Studio Cyc 5.20-6.10pm,11-Jun-18,17:20:00,27,24,1999
HXP,Studio Cyc 5.20-6.10pm,13-Jun-18,17:20:00,27,18,1999
HXP,Studio Cyc 5.20-6.10pm,18-Jun-18,17:20:00,27,21,1999
HXP,Studio Cyc 5.20-6.10pm,20-Jun-18,17:20:00,27,24,1999
HXP,Studio Cyc 5.20-6.10pm,25-Jun-18,17:20:00,27,26,1999
HXP,Studio Cyc 5.20-6.10pm,27-Jun-18,17:20:00,27,20,1999
HXP,Studio Cyc 5.55-6.45pm,7-Jun-18,17:55:00,27,16,1999
HXP,Studio Cyc 5.55-6.45pm,14-Jun-18,17:55:00,27,17,1999
HXP,Studio Cyc 5.55-6.45pm,21-Jun-18,17:55:00,27,15,1999
HXP,Studio Cyc 5.55-6.45pm,28-Jun-18,17:55:00,27,14,1999
HXP,Studio Cyc 6.10-7.00pm,1-Jun-18,18:10:00,27,15,1999
HXP,Studio Cyc 6.10-7.00pm,8-Jun-18,18:10:00,27,26,1999
HXP,Studio Cyc 6.10-7.00pm,15-Jun-18,18:10:00,27,19,1999
HXP,Studio Cyc 6.10-7.00pm,22-Jun-18,18:10:00,27,16,1999
HXP,Studio Cyc 6.10-7.00pm,29-Jun-18,18:10:00,27,19,1999
HXP,Studio Cyc 6.15-7.05pm,4-Jun-18,18:15:00,27,27,1999
HXP,Studio Cyc 6.15-7.05pm,11-Jun-18,18:15:00,27,22,1999
HXP,Studio Cyc 6.15-7.05pm,18-Jun-18,18:15:00,27,19,1999
HXP,Studio Cyc 6.15-7.05pm,25-Jun-18,18:15:00,27,16,1999
HXP,Studio Cyc 7.00-7.50pm,7-Jun-18,19:00:00,27,19,1999
HXP,Studio Cyc 7.00-7.50pm,14-Jun-18,19:00:00,27,16,1999
HXP,Studio Cyc 7.00-7.50pm,21-Jun-18,19:00:00,27,21,1999
HXP,Studio Cyc 7.00-7.50pm,28-Jun-18,19:00:00,27,23,1999
HXP,Studio Cyc 7.05-7.55am,4-Jun-18,7:05:00,27,7,1999
HXP,Studio Cyc 7.05-7.55am,6-Jun-18,7:05:00,27,15,1999
HXP,Studio Cyc 7.05-7.55am,11-Jun-18,7:05:00,27,16,1999
HXP,Studio Cyc 7.05-7.55am,13-Jun-18,7:05:00,27,15,1999
HXP,Studio Cyc 7.05-7.55am,18-Jun-18,7:05:00,27,15,1999
HXP,Studio Cyc 7.05-7.55am,20-Jun-18,7:05:00,27,10,1999
HXP,Studio Cyc 7.05-7.55am,25-Jun-18,7:05:00,27,13,1999
HXP,Studio Cyc 7.05-7.55am,27-Jun-18,7:05:00,27,19,1999
HXP,Studio Cyc 7.30-8.20pm,5-Jun-18,19:30:00,27,22,1999
HXP,Studio Cyc 7.30-8.20pm,12-Jun-18,19:30:00,27,26,1999
HXP,Studio Cyc 7.30-8.20pm,19-Jun-18,19:30:00,27,17,1999
HXP,Studio Cyc 7.30-8.20pm,26-Jun-18,19:30:00,27,19,1999
HXP,Studio Cyc 8.00-8.50am,2-Jun-18,8:00:00,27,26,1999
HXP,Studio Cyc 8.00-8.50am,9-Jun-18,8:00:00,27,23,1999
HXP,Studio Cyc 8.00-8.50am,16-Jun-18,8:00:00,27,25,1999
HXP,Studio Cyc 8.00-8.50am,23-Jun-18,8:00:00,27,26,1999
HXP,Studio Cyc 8.00-8.50am,30-Jun-18,8:00:00,27,27,1999
HXP,Studio Cyc 8.00-8.50pm,7-Jun-18,20:00:00,27,23,1999
HXP,Studio Cyc 8.00-8.50pm,14-Jun-18,20:00:00,27,24,1999
HXP,Studio Cyc 8.00-8.50pm,21-Jun-18,20:00:00,27,18,1999
HXP,Studio Cyc 8.00-8.50pm,28-Jun-18,20:00:00,27,16,1999
HXP,Studio Cyc 8.50-9.40am,2-Jun-18,8:50:00,27,22,1999
HXP,Studio Cyc 8.50-9.40am,9-Jun-18,8:50:00,27,16,1999
HXP,Studio Cyc 8.50-9.40am,16-Jun-18,8:50:00,27,22,1999
HXP,Studio Cyc 8.50-9.40am,23-Jun-18,8:50:00,27,17,1999
HXP,Studio Cyc 8.50-9.40am,30-Jun-18,8:50:00,27,18,1999
HXP,Studio Cyc 9.05 -9.55am,3-Jun-18,9:00:00,27,27,1999
HXP,Studio Cyc 9.05 -9.55am,10-Jun-18,9:00:00,27,25,1999
HXP,Studio Cyc 9.05 -9.55am,17-Jun-18,9:00:00,27,26,1999
HXP,Studio Cyc 9.05 -9.55am,24-Jun-18,9:00:00,27,20,1999
HXP,Studio Cyc 10.00 -10.50am,3-Jun-18,10:00:00,27,27,1999
HXP,Studio Cyc 10.00 -10.50am,10-Jun-18,10:00:00,27,23,1999
HXP,Studio Cyc 10.00 -10.50am,17-Jun-18,10:00:00,27,23,1999
HXP,Studio Cyc 10.00 -10.50am,24-Jun-18,10:00:00,27,20,1999
HXP,Studio Cyc 10.00-10.50am,7-Jun-18,10:00:00,27,25,1999
HXP,Studio Cyc 10.00-10.50am,14-Jun-18,10:00:00,27,20,1999
HXP,Studio Cyc 10.00-10.50am,21-Jun-18,10:00:00,27,23,1999
HXP,Studio Cyc 10.00-10.50am,28-Jun-18,10:00:00,27,24,1999
HXP,Studio Cyc 11.30 - 12.20,4-Jun-18,11:30:00,27,10,1999
HXP,Studio Cyc 11.30 - 12.20,11-Jun-18,11:30:00,27,18,1999
HXP,Studio Cyc 11.30 - 12.20,18-Jun-18,11:30:00,27,18,1999
HXP,Studio Cyc 11.30 - 12.20,25-Jun-18,11:30:00,27,21,1999
HXP,Studio Cyc 12.10-1.00pm,6-Jun-18,12:10:00,27,13,1999
HXP,Studio Cyc 12.10-1.00pm,13-Jun-18,12:10:00,27,11,1999
HXP,Studio Cyc 12.10-1.00pm,20-Jun-18,12:10:00,27,19,1999
HXP,Studio Cyc 12.10-1.00pm,27-Jun-18,12:10:00,27,17,1999
HXP,Studio Cyc 12.30-1.20pm,4-Jun-18,12:30:00,27,10,1999
HXP,Studio Cyc 12.30-1.20pm,11-Jun-18,12:30:00,27,11,1999
HXP,Studio Cyc 12.30-1.20pm,18-Jun-18,12:30:00,27,15,1999
HXP,Studio Cyc 12.30-1.20pm,25-Jun-18,12:30:00,27,13,1999
HXP,Studio Cycling 7.05 -7.55,5-Jun-18,7:05:00,27,10,1999
HXP,Studio Cycling 7.05 -7.55,12-Jun-18,7:05:00,27,10,1999
HXP,Studio Cycling 7.05 -7.55,19-Jun-18,7:05:00,27,9,1999
HXP,Studio Cycling 7.05 -7.55,26-Jun-18,7:05:00,27,13,1999
HXP,Swimfit 6.30 -7.30pm,4-Jun-18,18:30:00,15,10,1499
HXP,Swimfit 6.30 -7.30pm,11-Jun-18,18:30:00,15,14,1499
HXP,Swimfit 6.30 -7.30pm,18-Jun-18,18:30:00,15,10,1499
HXP,Swimfit 6.30 -7.30pm,25-Jun-18,18:30:00,15,12,1499
HXP,Swimfit 6.30-7.30am,4-Jun-18,6:30:00,15,5,1499
HXP,Swimfit 6.30-7.30am,11-Jun-18,6:30:00,15,7,1499
HXP,Swimfit 6.30-7.30am,18-Jun-18,6:30:00,15,10,1499
HXP,Swimfit 6.30-7.30am,25-Jun-18,6:30:00,15,12,1499
HXP,Swimfit 6.30am -7.30am,6-Jun-18,6:30:00,15,9,1499
HXP,Swimfit 6.30am -7.30am,13-Jun-18,6:30:00,15,13,1499
HXP,Swimfit 6.30am -7.30am,20-Jun-18,6:30:00,15,15,1499
HXP,Swimfit 6.30am -7.30am,27-Jun-18,6:30:00,15,15,1499
HXP,Swimfit 7pm - 8pm,1-Jun-18,19:00:00,15,8,1499
HXP,Swimfit 7pm - 8pm,8-Jun-18,19:00:00,15,14,1499
HXP,Swimfit 7pm - 8pm,15-Jun-18,19:00:00,15,12,1499
HXP,Swimfit 7pm - 8pm,22-Jun-18,19:00:00,15,10,1499
HXP,Swimfit 7pm - 8pm,29-Jun-18,19:00:00,15,13,1499
HXP,Tai-Chi  12 -1pm,7-Jun-18,12:00:00,25,9,3999
HXP,Tai-Chi  12 -1pm,14-Jun-18,12:00:00,25,7,3999
HXP,Tai-Chi  12 -1pm,21-Jun-18,12:00:00,25,10,3999
HXP,Tai-Chi  12 -1pm,28-Jun-18,12:00:00,25,5,3999
HXP,Zumba 6.15-7.15pm,5-Jun-18,18:15:00,25,21,1299
HXP,Zumba 6.15-7.15pm,12-Jun-18,18:15:00,25,24,1299
HXP,Zumba 6.15-7.15pm,19-Jun-18,18:15:00,25,24,1299
HXP,Zumba 6.15-7.15pm,26-Jun-18,18:15:00,25,22,1299
HXP,Zumba 10.00-10.50.Am,2-Jun-18,10:00:00,25,23,1299
HXP,Zumba 10.00-10.50.Am,9-Jun-18,10:00:00,25,23,1299
HXP,Zumba 10.00-10.50.Am,16-Jun-18,10:00:00,25,22,1299
HXP,Zumba 10.00-10.50.Am,23-Jun-18,10:00:00,25,24,1299
HXP,Zumba 10.00-10.50.Am,30-Jun-18,10:00:00,25,18,1299
NBL,20-20-20 9.30-10.30am,5-Jun-18,9:30:00,60,29,499
NBL,20-20-20 9.30-10.30am,12-Jun-18,9:30:00,60,34,499
NBL,20-20-20 9.30-10.30am,19-Jun-18,9:30:00,60,19,499
NBL,20-20-20 9.30-10.30am,26-Jun-18,9:30:00,60,23,499
NBL,20:20:20 9.30-10.30am,7-Jun-18,9:30:00,60,17,499
NBL,20:20:20 9.30-10.30am,14-Jun-18,9:30:00,60,14,499
NBL,20:20:20 9.30-10.30am,21-Jun-18,9:30:00,60,13,499
NBL,20:20:20 9.30-10.30am,28-Jun-18,9:30:00,60,15,499
NBL,B L T Antenatal Mums,20-Jun-18,9:45:00,40,1,1499
NBL,B L T Chair Based,7-Jun-18,12:40:00,50,10,1499
NBL,B L T Exercise,12-Jun-18,11:00:00,40,1,1499
NBL,Barre Pilates   12-1pm,2-Jun-18,12:00:00,60,15,2999
NBL,Barre Pilates   12-1pm,9-Jun-18,12:00:00,60,14,2999
NBL,Barre Pilates   12-1pm,16-Jun-18,12:00:00,60,9,2999
NBL,Barre Pilates   12-1pm,23-Jun-18,12:00:00,60,11,2999
NBL,Barre Pilates   12-1pm,30-Jun-18,12:00:00,60,9,2999
NBL,Body Combat 5.30-6.30pm,7-Jun-18,17:30:00,60,16,1499
NBL,Body Combat 5.30-6.30pm,14-Jun-18,17:30:00,60,18,1499
NBL,Body Combat 5.30-6.30pm,21-Jun-18,17:30:00,60,16,1499
NBL,Body Combat 5.30-6.30pm,28-Jun-18,17:30:00,60,11,1499
NBL,Body Combat 6.45-7.45pm,4-Jun-18,18:45:00,60,10,1499
NBL,Body Combat 6.45-7.45pm,11-Jun-18,18:45:00,60,14,1499
NBL,Body Combat 6.45-7.45pm,18-Jun-18,18:45:00,60,22,1499
NBL,Body Cond 5.45-6.45pm,13-Jun-18,17:45:00,60,19,1299
NBL,Body Cond 5.45-6.45pm,20-Jun-18,17:45:00,60,15,1299
NBL,Body Cond 5.45-6.45pm,27-Jun-18,17:45:00,60,10,1299
NBL,Body Cond 6.30-7.30pm,5-Jun-18,18:30:00,60,27,1299
NBL,Body Cond 6.30-7.30pm,12-Jun-18,18:30:00,60,36,1299
NBL,Body Cond 6.30-7.30pm,19-Jun-18,18:30:00,60,19,1299
NBL,Body Cond 6.30-7.30pm,26-Jun-18,18:30:00,60,19,1299
NBL,Body Cond 12.45-1.45pm,1-Jun-18,12:45:00,60,5,1299
NBL,Body Cond 12.45-1.45pm,8-Jun-18,12:45:00,60,6,1299
NBL,Body Cond 12.45-1.45pm,15-Jun-18,12:45:00,60,9,1299
NBL,Body Cond 12.45-1.45pm,22-Jun-18,12:45:00,60,5,1299
NBL,Body Cond 12.45-1.45pm,29-Jun-18,12:45:00,60,3,1299
NBL,Body Cond 1745-1845,6-Jun-18,17:45:00,60,11,1299
NBL,Body Pump  5.45-6.45pm,4-Jun-18,17:45:00,60,35,1999
NBL,Body Pump  5.45-6.45pm,11-Jun-18,17:45:00,60,38,1999
NBL,Body Pump  5.45-6.45pm,18-Jun-18,17:45:00,60,30,1999
NBL,Body Pump  5.45-6.45pm,25-Jun-18,17:45:00,60,28,1999
NBL,Body Pump 8.00-9.00pm,7-Jun-18,20:00:00,60,21,1999
NBL,Body Pump 8.00-9.00pm,14-Jun-18,20:00:00,60,30,1999
NBL,Body Pump 8.00-9.00pm,21-Jun-18,20:00:00,60,20,1999
NBL,Body Pump 8.00-9.00pm,28-Jun-18,20:00:00,60,7,1999
NBL,Body Pump 9.00-10.00am,2-Jun-18,9:00:00,60,20,1999
NBL,Body Pump 9.00-10.00am,9-Jun-18,9:00:00,60,22,1999
NBL,Body Pump 9.00-10.00am,16-Jun-18,9:00:00,60,17,1999
NBL,Body Pump 9.00-10.00am,23-Jun-18,9:00:00,60,30,1999
NBL,Body Pump 9.00-10.00am,30-Jun-18,9:00:00,60,26,1999
NBL,Body Pump 12.30-1.30pm,7-Jun-18,12:30:00,60,12,1999
NBL,Body Pump 12.30-1.30pm,14-Jun-18,12:30:00,60,11,1999
NBL,Body Pump 12.30-1.30pm,21-Jun-18,12:30:00,60,6,1999
NBL,Body Pump 12.30-1.30pm,28-Jun-18,12:30:00,60,11,1999
NBL,Chair Based Exercise,14-Jun-18,13:00:00,50,3,1999
NBL,Chair Based Exercise,28-Jun-18,13:00:00,50,5,1999
NBL,Circuits 8.00-9.00pm Edit,4-Jun-18,20:00:00,60,14,2999
NBL,Circuits 8.00-9.00pm Edit,11-Jun-18,20:00:00,60,13,2999
NBL,Circuits 8.00-9.00pm Edit,18-Jun-18,20:00:00,60,17,2999
NBL,Circuits 8.00-9.00pm Edit,25-Jun-18,20:00:00,60,9,2999
NBL,Gentle Keep Fit 11-12pm,4-Jun-18,11:00:00,60,11,999
NBL,Gentle Keep Fit 11-12pm,11-Jun-18,11:00:00,60,28,999
NBL,Gentle Keep Fit 11-12pm,18-Jun-18,11:00:00,60,31,999
NBL,Gentle Keep Fit 11-12pm,25-Jun-18,11:00:00,60,30,999
NBL,Gentlekeepfit 10.30-11.30,7-Jun-18,10:30:00,60,22,999
NBL,Gentlekeepfit 10.30-11.30,14-Jun-18,10:30:00,60,22,999
NBL,Gentlekeepfit 10.30-11.30,21-Jun-18,10:30:00,60,14,999
NBL,Gentlekeepfit 10.30-11.30,28-Jun-18,10:30:00,60,10,999
NBL,Jnr Gym Ind 3.30-5.00pm,1-Jun-18,15:30:00,2,1,2999
NBL,Jnr Gym Ind 3.30-5.00pm,6-Jun-18,15:30:00,2,1,2999
NBL,Jnr Gym Ind 3.30-5.00pm,8-Jun-18,15:30:00,2,1,2999
NBL,Jnr Gym Ind 3.30-5.00pm,15-Jun-18,15:30:00,2,1,2999
NBL,Jnr Gym Ind 3.30-5.00pm,20-Jun-18,15:30:00,2,1,2999
NBL,Jnr Gym Ind 3.30-5.00pm,25-Jun-18,15:30:00,2,1,2999
NBL,Line Dance 10.45-11.45am,5-Jun-18,10:45:00,70,45,1499
NBL,Line Dance 10.45-11.45am,12-Jun-18,10:45:00,70,49,1499
NBL,Line Dance 10.45-11.45am,19-Jun-18,10:45:00,70,52,1499
NBL,Line Dance 10.45-11.45am,26-Jun-18,10:45:00,70,46,1499
NBL,Line Dance 11.45-12.45pm,5-Jun-18,11:45:00,70,19,1499
NBL,Line Dance 11.45-12.45pm,12-Jun-18,11:45:00,70,23,1499
NBL,Line Dance 11.45-12.45pm,19-Jun-18,11:45:00,70,26,1499
NBL,Line Dance 11.45-12.45pm,26-Jun-18,11:45:00,70,26,1499
NBL,Line Dancing  11-12.30pm,1-Jun-18,11:00:00,70,11,1499
NBL,Line Dancing  11-12.30pm,8-Jun-18,11:00:00,70,16,1499
NBL,Line Dancing  11-12.30pm,15-Jun-18,11:00:00,70,21,1499
NBL,Line Dancing  11-12.30pm,22-Jun-18,11:00:00,70,17,1499
NBL,Line Dancing  11-12.30pm,29-Jun-18,11:00:00,70,15,1499
NBL,Nice & Easy 9.15-10.15am,6-Jun-18,9:15:00,60,20,999
NBL,Nice & Easy 9.15-10.15am,13-Jun-18,9:15:00,60,19,999
NBL,Nice & Easy 9.15-10.15am,20-Jun-18,9:15:00,60,13,999
NBL,Nice & Easy 9.15-10.15am,27-Jun-18,9:15:00,60,18,999
NBL,Nice & Easy 10.00-10.45am,5-Jun-18,10:00:00,40,19,999
NBL,Nice & Easy 10.00-10.45am,12-Jun-18,10:00:00,40,17,999
NBL,Nice & Easy 10.00-10.45am,19-Jun-18,10:00:00,40,18,999
NBL,Nice & Easy 10.00-10.45am,26-Jun-18,10:00:00,40,15,999
NBL,Nice & Easy 11.30-12.30pm,7-Jun-18,11:30:00,60,11,999
NBL,Nice & Easy 11.30-12.30pm,14-Jun-18,11:30:00,60,15,999
NBL,Nice & Easy 11.30-12.30pm,21-Jun-18,11:30:00,60,15,999
NBL,Nice & Easy 11.30-12.30pm,28-Jun-18,11:30:00,60,6,999
NBL,Pilates 1.45-2.45pm,5-Jun-18,13:45:00,60,38,2999
NBL,Pilates 1.45-2.45pm,12-Jun-18,13:45:00,60,39,2999
NBL,Pilates 1.45-2.45pm,19-Jun-18,13:45:00,60,32,2999
NBL,Pilates 1.45-2.45pm,26-Jun-18,13:45:00,60,34,2999
NBL,Pilates 5.00-5.45pm,6-Jun-18,17:00:00,60,20,2999
NBL,Pilates 5.00-5.45pm,13-Jun-18,17:00:00,60,25,2999
NBL,Pilates 5.00-5.45pm,20-Jun-18,17:00:00,60,23,2999
NBL,Pilates 5.00-5.45pm,27-Jun-18,17:00:00,60,22,2999
NBL,Pilates 6.45-7.45pm,7-Jun-18,18:45:00,60,29,2999
NBL,Pilates 6.45-7.45pm,14-Jun-18,18:45:00,60,20,2999
NBL,Pilates 6.45-7.45pm,21-Jun-18,18:45:00,60,27,2999
NBL,Pilates 6.45-7.45pm,28-Jun-18,18:45:00,60,19,2999
NBL,Pilates 10.00-11.00am,1-Jun-18,10:00:00,60,22,2999
NBL,Pilates 10.00-11.00am,8-Jun-18,10:00:00,60,22,2999
NBL,Pilates 10.00-11.00am,15-Jun-18,10:00:00,60,21,2999
NBL,Pilates 10.00-11.00am,22-Jun-18,10:00:00,60,22,2999
NBL,Pilates 10.00-11.00am,29-Jun-18,10:00:00,60,15,2999
NBL,Pilates 14:45- 15:45,7-Jun-18,14:45:00,60,8,2999
NBL,Pilates 14:45- 15:45,14-Jun-18,14:45:00,60,20,2999
NBL,Pilates 14:45- 15:45,21-Jun-18,14:45:00,60,11,2999
NBL,Pilates 14:45- 15:45,28-Jun-18,14:45:00,60,12,2999
NBL,Power Yoga 10.00-11.00am,4-Jun-18,10:00:00,70,10,2499
NBL,Power Yoga 10.00-11.00am,11-Jun-18,10:00:00,70,20,2499
NBL,Power Yoga 10.00-11.00am,18-Jun-18,10:00:00,70,21,2499
NBL,Power Yoga 10.00-11.00am,25-Jun-18,10:00:00,70,22,2499
NBL,Power Yoga 10.15-11.15am,6-Jun-18,10:15:00,60,20,2499
NBL,Power Yoga 10.15-11.15am,13-Jun-18,10:15:00,60,2,2499
NBL,Power Yoga 10.15-11.15am,20-Jun-18,10:15:00,60,29,2499
NBL,Power Yoga 10.15-11.15am,27-Jun-18,10:15:00,60,13,2499
NBL,Pump  8.15-9.15pm,5-Jun-18,20:15:00,60,22,2999
NBL,Pump  8.15-9.15pm,12-Jun-18,20:15:00,60,16,2999
NBL,Pump  8.15-9.15pm,19-Jun-18,20:15:00,60,13,2999
NBL,Pump  8.15-9.15pm,26-Jun-18,20:15:00,60,9,2999
NBL,Purestretch 6.45-7.45pm,25-Jun-18,18:45:00,70,19,999
NBL,Sh`Bam   6.30-7.30pm,1-Jun-18,18:30:00,70,20,999
NBL,Sh`Bam   6.30-7.30pm,8-Jun-18,18:30:00,70,26,999
NBL,Sh`Bam   6.30-7.30pm,15-Jun-18,18:30:00,70,17,999
NBL,Sh`Bam   6.30-7.30pm,22-Jun-18,18:30:00,70,19,999
NBL,Sh`Bam   6.30-7.30pm,29-Jun-18,18:30:00,70,17,999
NBL,Sh`Bam  7.30-8.15pm,5-Jun-18,19:30:00,70,35,999
NBL,Sh`Bam  7.30-8.15pm,12-Jun-18,19:30:00,70,35,999
NBL,Sh`Bam  7.30-8.15pm,19-Jun-18,19:30:00,70,23,999
NBL,Sh`Bam  7.30-8.15pm,26-Jun-18,19:30:00,70,24,999
NBL,Sha`Bam  11.00-12.00pm,2-Jun-18,11:00:00,70,15,999
NBL,Sha`Bam  11.00-12.00pm,9-Jun-18,11:00:00,70,21,999
NBL,Sha`Bam  11.00-12.00pm,16-Jun-18,11:00:00,70,9,999
NBL,Sha`Bam  11.00-12.00pm,23-Jun-18,11:00:00,70,13,999
NBL,Sha`Bam  11.00-12.00pm,30-Jun-18,11:00:00,70,11,999
NBL,Step Aerobics 5.45-6.30pm,5-Jun-18,17:45:00,60,30,1999
NBL,Step Aerobics 5.45-6.30pm,12-Jun-18,17:45:00,60,26,1999
NBL,Step Aerobics 5.45-6.30pm,19-Jun-18,17:45:00,60,17,1999
NBL,Step Aerobics 5.45-6.30pm,26-Jun-18,17:45:00,60,19,1999
NBL,Step Aerobics 10-11.00am,2-Jun-18,10:00:00,60,24,1999
NBL,Step Aerobics 10-11.00am,9-Jun-18,10:00:00,60,22,1999
NBL,Step Aerobics 10-11.00am,16-Jun-18,10:00:00,60,15,1999
NBL,Step Aerobics 10-11.00am,23-Jun-18,10:00:00,60,22,1999
NBL,Step Aerobics 10-11.00am,30-Jun-18,10:00:00,60,9,1999
NBL,Strength&stretch1230-1330,6-Jun-18,12:30:00,60,8,2999
NBL,Strength&stretch1230-1330,13-Jun-18,12:30:00,60,6,2999
NBL,Strength&stretch1230-1330,20-Jun-18,12:30:00,60,6,2999
NBL,Strength&stretch1230-1330,27-Jun-18,12:30:00,60,5,2999
NBL,Tai Chi 2.00-3.00pm,4-Jun-18,14:00:00,60,12,3999
NBL,Tai Chi 2.00-3.00pm,11-Jun-18,14:00:00,60,20,3999
NBL,Tai Chi 2.00-3.00pm,18-Jun-18,14:00:00,60,15,3999
NBL,Tai Chi 2.00-3.00pm,25-Jun-18,14:00:00,60,8,3999
NBL,Tap Dancing 11.15-12.15pm,6-Jun-18,11:15:00,60,11,1999
NBL,Tap Dancing 11.15-12.15pm,13-Jun-18,11:15:00,60,1,1999
NBL,Tap Dancing 11.15-12.15pm,20-Jun-18,11:15:00,60,14,1999
NBL,Tap Dancing 11.15-12.15pm,27-Jun-18,11:15:00,60,12,1999
NBL,Tap Dancing 12-1.30pm,4-Jun-18,12:00:00,60,4,1999
NBL,Tap Dancing 12-1.30pm,11-Jun-18,12:00:00,60,12,1999
NBL,Tap Dancing 12-1.30pm,18-Jun-18,12:00:00,60,10,1999
NBL,Tap Dancing 12-1.30pm,25-Jun-18,12:00:00,60,2,1999
NBL,Zumba 9.30-10.30am,3-Jun-18,9:30:00,60,23,1299
NBL,Zumba 9.30-10.30am,10-Jun-18,9:30:00,60,23,1299
NBL,Zumba 9.30-10.30am,17-Jun-18,9:30:00,60,34,1299
NBL,Zumba 9.30-10.30am,24-Jun-18,9:30:00,60,22,1299
NBL,Zumba Gold 1.45-2.45pm,7-Jun-18,13:45:00,60,18,1999
NBL,Zumba Gold 1.45-2.45pm,14-Jun-18,13:45:00,60,23,1999
NBL,Zumba Gold 1.45-2.45pm,21-Jun-18,13:45:00,60,25,1999
NBL,Zumba Gold 1.45-2.45pm,28-Jun-18,13:45:00,60,20,1999
NBL,Zumba Gold 12.45-1.45pm,5-Jun-18,12:45:00,60,38,1999
NBL,Zumba Gold 12.45-1.45pm,12-Jun-18,12:45:00,60,39,1999
NBL,Zumba Gold 12.45-1.45pm,19-Jun-18,12:45:00,60,33,1999
NBL,Zumba Gold 12.45-1.45pm,26-Jun-18,12:45:00,60,36,1999
SBP,20-20-20 9.30-10.30am,6-Jun-18,9:30:00,35,15,499
SBP,20-20-20 9.30-10.30am,13-Jun-18,9:30:00,35,20,499
SBP,20-20-20 9.30-10.30am,20-Jun-18,9:30:00,35,14,499
SBP,20-20-20 9.30-10.30am,27-Jun-18,9:30:00,35,23,499
SBP,45min Madness 9.15-10am,5-Jun-18,9:15:00,35,11,1499
SBP,45min Madness 9.15-10am,12-Jun-18,9:15:00,35,18,1499
SBP,45min Madness 9.15-10am,19-Jun-18,9:15:00,35,17,1499
SBP,45min Madness 9.15-10am,26-Jun-18,9:15:00,35,15,1499
SBP,Abs Blast 7.45-8.15am,5-Jun-18,7:45:00,20,1,999
SBP,Abs Blast 7.45-8.15am,12-Jun-18,7:45:00,20,2,999
SBP,Abs Blast 7.45-8.15am,19-Jun-18,7:45:00,20,1,999
SBP,Abs Blast 7.45-8.15am,26-Jun-18,7:45:00,20,1,999
SBP,Aqua Babies 9.30-10.00am,1-Jun-18,9:30:00,10,6,1499
SBP,Aqua Babies 9.30-10.00am,8-Jun-18,9:30:00,10,7,1499
SBP,Aqua Babies 9.30-10.00am,15-Jun-18,9:30:00,10,8,1499
SBP,Aqua Babies 9.30-10.00am,22-Jun-18,9:30:00,10,5,1499
SBP,Aqua Babies 9.30-10.00am,29-Jun-18,9:30:00,10,10,1499
SBP,Aqua Babies 12 -12.30am,4-Jun-18,12:00:00,10,8,1499
SBP,Aqua Babies 12 -12.30am,11-Jun-18,12:00:00,10,5,1499
SBP,Aqua Babies 12 -12.30am,18-Jun-18,12:00:00,10,10,1499
SBP,Aqua Babies 12 -12.30am,25-Jun-18,12:00:00,10,6,1499
SBP,Aqua Fit 3.00-3.50pm,5-Jun-18,15:00:00,35,20,999
SBP,Aqua Fit 3.00-3.50pm,12-Jun-18,15:00:00,35,21,999
SBP,Aqua Fit 3.00-3.50pm,19-Jun-18,15:00:00,35,20,999
SBP,Aqua Fit 3.00-3.50pm,26-Jun-18,15:00:00,35,23,999
SBP,Aqua Fit 11.15-12.00,4-Jun-18,11:15:00,35,32,999
SBP,Aqua Fit 11.15-12.00,11-Jun-18,11:15:00,35,34,999
SBP,Aqua Fit 11.15-12.00,18-Jun-18,11:15:00,35,35,999
SBP,Aqua Fit 11.15-12.00,25-Jun-18,11:15:00,35,35,999
SBP,Aqua Tots 9.00-9.30am,1-Jun-18,9:00:00,10,4,999
SBP,Aqua Tots 9.00-9.30am,8-Jun-18,9:00:00,10,6,999
SBP,Aqua Tots 9.00-9.30am,15-Jun-18,9:00:00,10,4,999
SBP,Aqua Tots 9.00-9.30am,22-Jun-18,9:00:00,10,2,999
SBP,Aqua Tots 9.00-9.30am,29-Jun-18,9:00:00,10,2,999
SBP,Aqua Tots 10.00-10.30am,1-Jun-18,10:00:00,10,4,999
SBP,Aqua Tots 10.00-10.30am,8-Jun-18,10:00:00,10,7,999
SBP,Aqua Tots 10.00-10.30am,15-Jun-18,10:00:00,10,8,999
SBP,Aqua Tots 10.00-10.30am,22-Jun-18,10:00:00,10,7,999
SBP,Aqua Tots 10.00-10.30am,29-Jun-18,10:00:00,10,6,999
SBP,Aqua Tots & Babies 10.30-,1-Jun-18,10:30:00,10,8,1499
SBP,Aqua Tots & Babies 10.30-,8-Jun-18,10:30:00,10,5,1499
SBP,Aqua Tots & Babies 10.30-,15-Jun-18,10:30:00,10,9,1499
SBP,Aqua Tots & Babies 10.30-,22-Jun-18,10:30:00,10,8,1499
SBP,Aqua Tots & Babies 10.30-,29-Jun-18,10:30:00,10,10,1499
SBP,Aquababies/tots 12-12.30,6-Jun-18,12:00:00,10,7,1499
SBP,Aquababies/tots 12-12.30,13-Jun-18,12:00:00,10,8,1499
SBP,Aquababies/tots 12-12.30,20-Jun-18,12:00:00,10,10,1499
SBP,Aquababies/tots 12-12.30,27-Jun-18,12:00:00,10,4,1499
SBP,Aquafit 6.00-7.00pm,6-Jun-18,18:00:00,35,32,999
SBP,Aquafit 6.00-7.00pm,13-Jun-18,18:00:00,35,31,999
SBP,Aquafit 6.00-7.00pm,20-Jun-18,18:00:00,35,35,999
SBP,Aquafit 6.00-7.00pm,27-Jun-18,18:00:00,35,33,999
SBP,Aquafit  7.00-8.00pm,1-Jun-18,19:00:00,35,34,999
SBP,Aquafit  7.00-8.00pm,8-Jun-18,19:00:00,35,33,999
SBP,Aquafit  7.00-8.00pm,15-Jun-18,19:00:00,35,29,999
SBP,Aquafit  7.00-8.00pm,22-Jun-18,19:00:00,35,25,999
SBP,Aquafit  7.00-8.00pm,29-Jun-18,19:00:00,35,33,999
SBP,Aquafit 7.00-8.00pm,4-Jun-18,19:00:00,35,29,999
SBP,Aquafit 7.00-8.00pm,11-Jun-18,19:00:00,35,34,999
SBP,Aquafit 7.00-8.00pm,18-Jun-18,19:00:00,35,30,999
SBP,Aquafit 7.00-8.00pm,25-Jun-18,19:00:00,35,34,999
SBP,Aquatots 12.30- 13.00pm,4-Jun-18,12:30:00,10,2,999
SBP,Aquatots 12.30- 13.00pm,11-Jun-18,12:30:00,10,3,999
SBP,Aquatots 12.30- 13.00pm,18-Jun-18,12:30:00,10,4,999
SBP,Aquatots 12.30- 13.00pm,25-Jun-18,12:30:00,10,1,999
SBP,Ballroom Dance 2.30-3.30,8-Jun-18,14:30:00,35,9,2999
SBP,Ballroom Dance 2.30-3.30,15-Jun-18,14:30:00,35,12,2999
SBP,Ballroom Dance 2.30-3.30,22-Jun-18,14:30:00,35,6,2999
SBP,Ballroom Dance 2.30-3.30,29-Jun-18,14:30:00,35,6,2999
SBP,Better Living Team 2pm,11-Jun-18,14:00:00,25,21,1499
SBP,Better Living Team 2pm,18-Jun-18,14:00:00,25,9,1499
SBP,Better Living Team 2pm,25-Jun-18,14:00:00,25,14,1499
SBP,Body Balan 11.30-12.30pm,3-Jun-18,11:30:00,35,20,2499
SBP,Body Balan 11.30-12.30pm,10-Jun-18,11:30:00,35,13,2499
SBP,Body Balan 11.30-12.30pm,17-Jun-18,11:30:00,35,10,2499
SBP,Body Balan 11.30-12.30pm,24-Jun-18,11:30:00,35,7,2499
SBP,Body Balance 7pm-8pm,6-Jun-18,19:00:00,35,35,2499
SBP,Body Balance 7pm-8pm,13-Jun-18,19:00:00,35,27,2499
SBP,Body Balance 7pm-8pm,20-Jun-18,19:00:00,35,32,2499
SBP,Body Balance 7pm-8pm,27-Jun-18,19:00:00,35,19,2499
SBP,Body Balance 11-12pm,5-Jun-18,11:00:00,35,11,2499
SBP,Body Balance 11-12pm,7-Jun-18,11:00:00,35,12,2499
SBP,Body Balance 11-12pm,8-Jun-18,11:00:00,35,14,2499
SBP,Body Balance 11-12pm,12-Jun-18,11:00:00,35,16,2499
SBP,Body Balance 11-12pm,14-Jun-18,11:00:00,35,15,2499
SBP,Body Balance 11-12pm,15-Jun-18,11:00:00,35,15,2499
SBP,Body Balance 11-12pm,19-Jun-18,11:00:00,35,14,2499
SBP,Body Balance 11-12pm,21-Jun-18,11:00:00,35,16,2499
SBP,Body Balance 11-12pm,22-Jun-18,11:00:00,35,11,2499
SBP,Body Balance 11-12pm,26-Jun-18,11:00:00,35,14,2499
SBP,Body Balance 11-12pm,28-Jun-18,11:00:00,35,13,2499
SBP,Body Balance 11-12pm,29-Jun-18,11:00:00,35,9,2499
SBP,Body Balance 11.30-12.30,2-Jun-18,11:30:00,30,17,2499
SBP,Body Balance 11.30-12.30,9-Jun-18,11:30:00,30,16,2499
SBP,Body Balance 11.30-12.30,16-Jun-18,11:30:00,30,17,2499
SBP,Body Balance 11.30-12.30,23-Jun-18,11:30:00,30,14,2499
SBP,Body Balance 11.30-12.30,30-Jun-18,11:30:00,30,12,2499
SBP,Body Balance 12.30-1.30pm,4-Jun-18,12:30:00,35,4,2499
SBP,Body Balance 12.30-1.30pm,11-Jun-18,12:30:00,35,6,2499
SBP,Body Balance 12.30-1.30pm,18-Jun-18,12:30:00,35,9,2499
SBP,Body Balance 12.30-1.30pm,25-Jun-18,12:30:00,35,12,2499
SBP,Body Combat   5.00-6.00pm,4-Jun-18,17:00:00,35,11,1499
SBP,Body Combat   5.00-6.00pm,11-Jun-18,17:00:00,35,14,1499
SBP,Body Combat   5.00-6.00pm,18-Jun-18,17:00:00,35,20,1499
SBP,Body Combat   5.00-6.00pm,25-Jun-18,17:00:00,35,17,1499
SBP,Body Combat 5.00-6.00pm,6-Jun-18,17:00:00,35,30,1499
SBP,Body Combat 5.00-6.00pm,13-Jun-18,17:00:00,35,23,1499
SBP,Body Combat 5.00-6.00pm,20-Jun-18,17:00:00,35,29,1499
SBP,Body Combat 5.00-6.00pm,27-Jun-18,17:00:00,35,28,1499
SBP,Body Combat 6-7.00pm,1-Jun-18,18:00:00,35,29,1499
SBP,Body Combat 6-7.00pm,8-Jun-18,18:00:00,35,34,1499
SBP,Body Combat 6-7.00pm,22-Jun-18,18:00:00,35,27,1499
SBP,Body Combat 6-7.00pm,29-Jun-18,18:00:00,35,26,1499
SBP,Body Combat 7.00-8.00pm,4-Jun-18,19:00:00,40,38,1499
SBP,Body Combat 7.00-8.00pm,5-Jun-18,19:00:00,35,34,1499
SBP,Body Combat 7.00-8.00pm,11-Jun-18,19:00:00,40,31,1499
SBP,Body Combat 7.00-8.00pm,12-Jun-18,19:00:00,35,25,1499
SBP,Body Combat 7.00-8.00pm,18-Jun-18,19:00:00,40,37,1499
SBP,Body Combat 7.00-8.00pm,19-Jun-18,19:00:00,35,30,1499
SBP,Body Combat 7.00-8.00pm,25-Jun-18,19:00:00,40,29,1499
SBP,Body Combat 7.00-8.00pm,26-Jun-18,19:00:00,35,26,1499
SBP,Body Combat 9.15-10.15am,3-Jun-18,9:15:00,35,34,1499
SBP,Body Combat 9.15-10.15am,10-Jun-18,9:15:00,35,29,1499
SBP,Body Combat 9.15-10.15am,17-Jun-18,9:15:00,35,33,1499
SBP,Body Combat 9.15-10.15am,24-Jun-18,9:15:00,35,33,1499
SBP,Body Combat 10.00-11.00am,7-Jun-18,10:00:00,40,20,1499
SBP,Body Combat 10.00-11.00am,14-Jun-18,10:00:00,40,31,1499
SBP,Body Combat 10.00-11.00am,21-Jun-18,10:00:00,40,26,1499
SBP,Body Combat 10.00-11.00am,28-Jun-18,10:00:00,40,23,1499
SBP,Body Combat 10.30-11.30,2-Jun-18,10:30:00,35,30,1499
SBP,Body Combat 10.30-11.30,9-Jun-18,10:30:00,35,29,1499
SBP,Body Combat 10.30-11.30,16-Jun-18,10:30:00,35,30,1499
SBP,Body Combat 10.30-11.30,23-Jun-18,10:30:00,35,24,1499
SBP,Body Combat 10.30-11.30,30-Jun-18,10:30:00,35,26,1499
SBP,Body Combat 11.30-12.30pm,4-Jun-18,11:30:00,35,13,1499
SBP,Body Combat 11.30-12.30pm,11-Jun-18,11:30:00,35,15,1499
SBP,Body Combat 11.30-12.30pm,18-Jun-18,11:30:00,35,16,1499
SBP,Body Combat 11.30-12.30pm,25-Jun-18,11:30:00,35,12,1499
SBP,Body Con 10.30-11.30am,3-Jun-18,10:30:00,40,28,1299
SBP,Body Con 10.30-11.30am,4-Jun-18,10:30:00,35,17,1299
SBP,Body Con 10.30-11.30am,10-Jun-18,10:30:00,40,29,1299
SBP,Body Con 10.30-11.30am,11-Jun-18,10:30:00,35,26,1299
SBP,Body Con 10.30-11.30am,17-Jun-18,10:30:00,40,24,1299
SBP,Body Con 10.30-11.30am,18-Jun-18,10:30:00,35,26,1299
SBP,Body Con 10.30-11.30am,24-Jun-18,10:30:00,40,20,1299
SBP,Body Con 10.30-11.30am,25-Jun-18,10:30:00,35,18,1299
SBP,Body Cond 5.00-6.00pm,5-Jun-18,17:00:00,35,22,1299
SBP,Body Cond 5.00-6.00pm,12-Jun-18,17:00:00,35,31,1299
SBP,Body Cond 5.00-6.00pm,19-Jun-18,17:00:00,35,23,1299
SBP,Body Cond 5.00-6.00pm,26-Jun-18,17:00:00,35,24,1299
SBP,Body Cond 10-11am,1-Jun-18,10:00:00,35,11,1299
SBP,Body Cond 10-11am,8-Jun-18,10:00:00,35,27,1299
SBP,Body Cond 10-11am,15-Jun-18,10:00:00,35,23,1299
SBP,Body Cond 10-11am,22-Jun-18,10:00:00,35,17,1299
SBP,Body Cond 10-11am,29-Jun-18,10:00:00,35,18,1299
SBP,Body Cond 10.30-11.30am,6-Jun-18,10:30:00,35,23,1299
SBP,Body Cond 10.30-11.30am,13-Jun-18,10:30:00,35,22,1299
SBP,Body Cond 10.30-11.30am,20-Jun-18,10:30:00,35,18,1299
SBP,Body Cond 10.30-11.30am,27-Jun-18,10:30:00,35,27,1299
SBP,Body Conditioning 8-9pm,4-Jun-18,20:00:00,35,19,1299
SBP,Body Conditioning 8-9pm,11-Jun-18,20:00:00,35,13,1299
SBP,Body Conditioning 8-9pm,18-Jun-18,20:00:00,35,20,1299
SBP,Body Conditioning 8-9pm,25-Jun-18,20:00:00,35,11,1299
SBP,Circuits 7 -7.45 Am,5-Jun-18,7:00:00,20,14,2999
SBP,Circuits 7 -7.45 Am,12-Jun-18,7:00:00,20,10,2999
SBP,Circuits 7 -7.45 Am,19-Jun-18,7:00:00,20,10,2999
SBP,Circuits 7 -7.45 Am,26-Jun-18,7:00:00,20,11,2999
SBP,Ex Better Living Team,27-Jun-18,14:00:00,30,1,1499
SBP,Family Bootcamp 4-4.45pm,6-Jun-18,16:00:00,30,2,3999
SBP,Family Bootcamp 4-4.45pm,20-Jun-18,16:00:00,30,1,3999
SBP,Family Bootcamp 4-4.45pm,27-Jun-18,16:00:00,30,4,3999
SBP,Fusion   6.00-7.00pm,6-Jun-18,18:00:00,40,30,999
SBP,Fusion   6.00-7.00pm,13-Jun-18,18:00:00,40,23,999
SBP,Fusion   6.00-7.00pm,20-Jun-18,18:00:00,40,23,999
SBP,Fusion   6.00-7.00pm,27-Jun-18,18:00:00,40,20,999
SBP,H.I.I.T 9.30-10.30am,4-Jun-18,9:30:00,35,11,2499
SBP,H.I.I.T 9.30-10.30am,11-Jun-18,9:30:00,35,16,2499
SBP,H.I.I.T 9.30-10.30am,18-Jun-18,9:30:00,35,13,2499
SBP,H.I.I.T 9.30-10.30am,25-Jun-18,9:30:00,35,11,2499
SBP,H.I.I.T.  5.00-6.00pm,1-Jun-18,17:00:00,30,5,2499
SBP,H.I.I.T.  5.00-6.00pm,8-Jun-18,17:00:00,30,7,2499
SBP,H.I.I.T.  5.00-6.00pm,22-Jun-18,17:00:00,30,6,2499
SBP,H.I.I.T.  5.00-6.00pm,29-Jun-18,17:00:00,30,8,2499
SBP,Hatton A B C 6-7.00pm,5-Jun-18,18:00:00,30,17,1999
SBP,Hatton A B C 6-7.00pm,12-Jun-18,18:00:00,30,18,1999
SBP,Hatton A B C 6-7.00pm,19-Jun-18,18:00:00,30,23,1999
SBP,Hatton A B C 6-7.00pm,26-Jun-18,18:00:00,30,21,1999
SBP,Hatton A B C 7-8am,7-Jun-18,7:30:00,20,5,1999
SBP,Hatton A B C 7-8am,14-Jun-18,7:30:00,20,7,1999
SBP,Hatton A B C 7-8am,21-Jun-18,7:30:00,20,9,1999
SBP,Hatton A B C 7-8am,28-Jun-18,7:30:00,20,8,1999
SBP,Hiit Circuit 9.30 - 10.30,2-Jun-18,9:30:00,25,8,2499
SBP,Hiit Circuit 9.30 - 10.30,9-Jun-18,9:30:00,25,18,2499
SBP,Hiit Circuit 9.30 - 10.30,16-Jun-18,9:30:00,25,13,2499
SBP,Hiit Circuit 9.30 - 10.30,23-Jun-18,9:30:00,25,17,2499
SBP,Hiit Circuit 9.30 - 10.30,30-Jun-18,9:30:00,25,12,2499
SBP,Insanity 5:00-6:00pm,7-Jun-18,17:00:00,35,10,3999
SBP,Insanity 5:00-6:00pm,14-Jun-18,17:00:00,35,9,3999
SBP,Insanity 5:00-6:00pm,21-Jun-18,17:00:00,35,5,3999
SBP,Insanity 5:00-6:00pm,28-Jun-18,17:00:00,35,5,3999
SBP,Jun Induction 12.30,2-Jun-18,12:30:00,4,1,1999
SBP,Jun Induction 12.30,9-Jun-18,12:30:00,4,1,1999
SBP,Jun Induction 12.30,16-Jun-18,12:30:00,4,4,1999
SBP,Junior Gym 3.30-5.00pm,7-Jun-18,15:30:00,10,2,2999
SBP,Junior Gym 3.30-5.00pm,8-Jun-18,15:30:00,10,1,2999
SBP,Junior Gym 3.30-5.00pm,21-Jun-18,15:30:00,10,2,2999
SBP,Legs Bums Tums 10-11am,5-Jun-18,10:00:00,35,21,1999
SBP,Legs Bums Tums 10-11am,12-Jun-18,10:00:00,35,21,1999
SBP,Legs Bums Tums 10-11am,19-Jun-18,10:00:00,35,15,1999
SBP,Legs Bums Tums 10-11am,26-Jun-18,10:00:00,35,24,1999
SBP,Line Dancing 1.30-2.30pm,1-Jun-18,13:30:00,35,4,1499
SBP,Line Dancing 1.30-2.30pm,8-Jun-18,13:30:00,35,9,1499
SBP,Line Dancing 1.30-2.30pm,15-Jun-18,13:30:00,35,8,1499
SBP,Line Dancing 1.30-2.30pm,22-Jun-18,13:30:00,35,9,1499
SBP,Line Dancing 1.30-2.30pm,29-Jun-18,13:30:00,35,5,1499
SBP,M M A Cond 8.30-9.30am,2-Jun-18,8:30:00,20,10,3999
SBP,M M A Cond 8.30-9.30am,9-Jun-18,8:30:00,20,14,3999
SBP,M M A Cond 8.30-9.30am,16-Jun-18,8:30:00,20,7,3999
SBP,M M A Cond 8.30-9.30am,23-Jun-18,8:30:00,20,12,3999
SBP,M M A Cond 8.30-9.30am,30-Jun-18,8:30:00,20,6,3999
SBP,Metafit 4.30-5.00pm,7-Jun-18,16:30:00,35,10,1999
SBP,Metafit 4.30-5.00pm,14-Jun-18,16:30:00,35,5,1999
SBP,Metafit 4.30-5.00pm,21-Jun-18,16:30:00,35,4,1999
SBP,Metafit 4.30-5.00pm,28-Jun-18,16:30:00,35,5,1999
SBP,Pilates 8.00pm-9.00pm,5-Jun-18,20:00:00,35,21,2999
SBP,Pilates 8.00pm-9.00pm,12-Jun-18,20:00:00,35,28,2999
SBP,Pilates 8.00pm-9.00pm,19-Jun-18,20:00:00,35,33,2999
SBP,Pilates 8.00pm-9.00pm,26-Jun-18,20:00:00,35,26,2999
SBP,Pure Stretch 8-9pm,6-Jun-18,20:00:00,35,17,999
SBP,Pure Stretch 8-9pm,13-Jun-18,20:00:00,35,19,999
SBP,Pure Stretch 8-9pm,20-Jun-18,20:00:00,35,25,999
SBP,Pure Stretch 8-9pm,27-Jun-18,20:00:00,35,14,999
SBP,Pure Stretch 12.00-1.00pm,7-Jun-18,12:00:00,35,14,999
SBP,Pure Stretch 12.00-1.00pm,14-Jun-18,12:00:00,35,14,999
SBP,Pure Stretch 12.00-1.00pm,21-Jun-18,12:00:00,35,12,999
SBP,Pure Stretch 12.00-1.00pm,28-Jun-18,12:00:00,35,9,999
SBP,Step Zumba 6.00-7.00pm,7-Jun-18,18:00:00,30,18,1999
SBP,Step Zumba 6.00-7.00pm,14-Jun-18,18:00:00,30,10,1999
SBP,Step Zumba 6.00-7.00pm,21-Jun-18,18:00:00,30,16,1999
SBP,Step Zumba 6.00-7.00pm,28-Jun-18,18:00:00,30,6,1999
SBP,Stretch 6pm -7pm,4-Jun-18,18:00:00,35,25,999
SBP,Stretch 6pm -7pm,11-Jun-18,18:00:00,35,18,999
SBP,Stretch 6pm -7pm,18-Jun-18,18:00:00,35,22,999
SBP,Stretch 6pm -7pm,25-Jun-18,18:00:00,35,17,999
SBP,Stretch   11.30-12.30pm,6-Jun-18,11:30:00,35,12,999
SBP,Stretch   11.30-12.30pm,13-Jun-18,11:30:00,35,15,999
SBP,Stretch   11.30-12.30pm,20-Jun-18,11:30:00,35,8,999
SBP,Stretch   11.30-12.30pm,27-Jun-18,11:30:00,35,13,999
SBP,Swimfit 7am-8am,2-Jun-18,7:30:00,29,17,1499
SBP,Swimfit 7am-8am,9-Jun-18,7:30:00,29,10,1499
SBP,Swimfit 7am-8am,16-Jun-18,7:30:00,29,23,1499
SBP,Swimfit 7am-8am,23-Jun-18,7:30:00,29,17,1499
SBP,Swimfit 7am-8am,30-Jun-18,7:30:00,29,17,1499
SBP,Wm Better Living Team,6-Jun-18,13:00:00,30,1,1999
TSC,5.30-6.30pm Body Cond,5-Jun-18,17:30:00,24,14,1299
TSC,5.30-6.30pm Body Cond,12-Jun-18,17:30:00,24,13,1299
TSC,5.30-6.30pm Body Cond,19-Jun-18,17:30:00,24,7,1299
TSC,5.30-6.30pm Body Cond,26-Jun-18,17:30:00,24,2,1299
TSC,6.30-7.30pm Combat Aero,5-Jun-18,18:30:00,24,6,1499
TSC,6.30-7.30pm Combat Aero,12-Jun-18,18:30:00,24,6,1499
TSC,6.30-7.30pm Combat Aero,19-Jun-18,18:30:00,24,10,1499
TSC,6.30-7.30pm Combat Aero,26-Jun-18,18:30:00,24,5,1499
TSC,20-20-20 7.00-8.00pm,6-Jun-18,19:00:00,24,8,499
TSC,20-20-20 7.00-8.00pm,13-Jun-18,19:00:00,24,7,499
TSC,20-20-20 7.00-8.00pm,20-Jun-18,19:00:00,24,7,499
TSC,20-20-20 7.00-8.00pm,27-Jun-18,19:00:00,24,10,499
TSC,Aqua Zumba  12.00-1.00pm,1-Jun-18,12:00:00,25,14,1999
TSC,Aqua Zumba  12.00-1.00pm,8-Jun-18,12:00:00,25,14,1999
TSC,Aqua Zumba  12.00-1.00pm,15-Jun-18,12:00:00,25,1,1999
TSC,Aqua Zumba  12.00-1.00pm,22-Jun-18,12:00:00,25,1,1999
TSC,Aqua Zumba  12.00-1.00pm,29-Jun-18,12:00:00,25,19,1999
TSC,Aquafit 3.00-3.45pm,5-Jun-18,15:00:00,25,17,999
TSC,Aquafit 3.00-3.45pm,12-Jun-18,15:00:00,25,13,999
TSC,Aquafit 3.00-3.45pm,19-Jun-18,15:00:00,25,1,999
TSC,Aquafit 3.00-3.45pm,26-Jun-18,15:00:00,25,14,999
TSC,Aquafit 7.15-8.15pm,5-Jun-18,19:15:00,25,22,999
TSC,Aquafit 7.15-8.15pm,7-Jun-18,19:15:00,25,1,999
TSC,Aquafit 7.15-8.15pm,12-Jun-18,19:15:00,25,18,999
TSC,Aquafit 7.15-8.15pm,14-Jun-18,19:15:00,25,16,999
TSC,Aquafit 7.15-8.15pm,19-Jun-18,19:15:00,25,1,999
TSC,Aquafit 7.15-8.15pm,21-Jun-18,19:15:00,25,11,999
TSC,Aquafit 7.15-8.15pm,26-Jun-18,19:15:00,25,13,999
TSC,Aquafit 7.15-8.15pm,28-Jun-18,19:15:00,25,13,999
TSC,Aquafit Beginners 10-11am,7-Jun-18,10:00:00,25,19,999
TSC,Aquafit Beginners 10-11am,14-Jun-18,10:00:00,25,18,999
TSC,Aquafit Beginners 10-11am,21-Jun-18,10:00:00,25,1,999
TSC,Aquafit Beginners 10-11am,28-Jun-18,10:00:00,25,18,999
TSC,Aquatots-11.00-11.45am,1-Jun-18,11:00:00,15,5,999
TSC,Aquatots-11.00-11.45am,8-Jun-18,11:00:00,15,5,999
TSC,Aquatots-11.00-11.45am,29-Jun-18,11:00:00,15,2,999
TSC,B L T- Weight Manage Clas,5-Jun-18,13:15:00,25,1,1499
TSC,Bar Pilate 11.30-12.30pm,1-Jun-18,11:30:00,24,12,2999
TSC,Bar Pilate 11.30-12.30pm,8-Jun-18,11:30:00,24,5,2999
TSC,Bar Pilate 11.30-12.30pm,15-Jun-18,11:30:00,24,8,2999
TSC,Bar Pilate 11.30-12.30pm,22-Jun-18,11:30:00,24,8,2999
TSC,Bar Pilate 11.30-12.30pm,29-Jun-18,11:30:00,24,5,2999
TSC,Barre Pilates 8.30-9.30am,2-Jun-18,8:30:00,24,19,2999
TSC,Barre Pilates 8.30-9.30am,9-Jun-18,8:30:00,24,16,2999
TSC,Barre Pilates 8.30-9.30am,16-Jun-18,8:30:00,24,14,2999
TSC,Barre Pilates 8.30-9.30am,23-Jun-18,8:30:00,24,14,2999
TSC,Barre Pilates 8.30-9.30am,30-Jun-18,8:30:00,24,11,2999
TSC,Body Con 1.45-2.30pm,1-Jun-18,13:45:00,24,7,1299
TSC,Body Con 1.45-2.30pm,8-Jun-18,13:45:00,24,8,1299
TSC,Body Con 1.45-2.30pm,15-Jun-18,13:45:00,24,6,1299
TSC,Body Con 1.45-2.30pm,22-Jun-18,13:45:00,24,5,1299
TSC,Body Con 1.45-2.30pm,29-Jun-18,13:45:00,24,4,1299
TSC,Body Con 09.30-10.30am,4-Jun-18,9:30:00,24,9,1299
TSC,Body Con 09.30-10.30am,11-Jun-18,9:30:00,24,16,1299
TSC,Body Con 09.30-10.30am,18-Jun-18,9:30:00,24,20,1299
TSC,Body Con 09.30-10.30am,25-Jun-18,9:30:00,24,15,1299
TSC,Body Con 11.30am-12.30pm,6-Jun-18,11:30:00,24,8,1299
TSC,Body Con 11.30am-12.30pm,13-Jun-18,11:30:00,24,9,1299
TSC,Body Con 11.30am-12.30pm,20-Jun-18,11:30:00,24,10,1299
TSC,Body Con 11.30am-12.30pm,27-Jun-18,11:30:00,24,5,1299
TSC,Body Cond 9.30-10.15am,2-Jun-18,9:30:00,24,16,1299
TSC,Body Cond 9.30-10.15am,9-Jun-18,9:30:00,24,10,1299
TSC,Body Cond 9.30-10.15am,16-Jun-18,9:30:00,24,8,1299
TSC,Body Cond 9.30-10.15am,23-Jun-18,9:30:00,24,7,1299
TSC,Body Cond 9.30-10.15am,30-Jun-18,9:30:00,24,7,1299
TSC,Body Conditioning 10-11am,1-Jun-18,10:00:00,30,10,1299
TSC,Body Conditioning 10-11am,3-Jun-18,10:00:00,30,20,1299
TSC,Body Conditioning 10-11am,8-Jun-18,10:00:00,30,13,1299
TSC,Body Conditioning 10-11am,10-Jun-18,10:00:00,30,13,1299
TSC,Body Conditioning 10-11am,15-Jun-18,10:00:00,30,12,1299
TSC,Body Conditioning 10-11am,17-Jun-18,10:00:00,30,19,1299
TSC,Body Conditioning 10-11am,22-Jun-18,10:00:00,30,13,1299
TSC,Body Conditioning 10-11am,24-Jun-18,10:00:00,30,8,1299
TSC,Body Conditioning 10-11am,29-Jun-18,10:00:00,30,11,1299
TSC,Circuits 5.30-6.30pm,4-Jun-18,17:30:00,50,10,2999
TSC,Circuits 5.30-6.30pm,11-Jun-18,17:30:00,50,14,2999
TSC,Circuits 5.30-6.30pm,18-Jun-18,17:30:00,50,8,2999
TSC,Circuits 5.30-6.30pm,25-Jun-18,17:30:00,50,8,2999
TSC,Circuits 7.15-8.15pm,7-Jun-18,19:15:00,50,22,2999
TSC,Circuits 7.15-8.15pm,14-Jun-18,19:15:00,50,18,2999
TSC,Circuits 7.15-8.15pm,21-Jun-18,19:15:00,50,18,2999
TSC,Circuits 7.15-8.15pm,28-Jun-18,19:15:00,50,6,2999
TSC,Fitnes Pilate-11.00-12.00,5-Jun-18,11:00:00,24,23,2999
TSC,Fitnes Pilate-11.00-12.00,12-Jun-18,11:00:00,24,20,2999
TSC,Fitnes Pilate-11.00-12.00,19-Jun-18,11:00:00,24,20,2999
TSC,Fitnes Pilate-11.00-12.00,26-Jun-18,11:00:00,24,17,2999
TSC,Fitnes Pilates2.30-3.15pm,1-Jun-18,14:30:00,24,9,2999
TSC,Fitnes Pilates2.30-3.15pm,8-Jun-18,14:30:00,24,13,2999
TSC,Fitnes Pilates2.30-3.15pm,15-Jun-18,14:30:00,24,10,2999
TSC,Fitnes Pilates2.30-3.15pm,22-Jun-18,14:30:00,24,11,2999
TSC,Fitnes Pilates2.30-3.15pm,29-Jun-18,14:30:00,24,6,2999
TSC,Gentle Keep Fit 2 -3.00pm,5-Jun-18,14:00:00,30,9,999
TSC,Gentle Keep Fit 2 -3.00pm,6-Jun-18,14:00:00,30,8,999
TSC,Gentle Keep Fit 2 -3.00pm,12-Jun-18,14:00:00,30,9,999
TSC,Gentle Keep Fit 2 -3.00pm,13-Jun-18,14:00:00,30,10,999
TSC,Gentle Keep Fit 2 -3.00pm,19-Jun-18,14:00:00,30,8,999
TSC,Gentle Keep Fit 2 -3.00pm,20-Jun-18,14:00:00,30,10,999
TSC,Gentle Keep Fit 2 -3.00pm,26-Jun-18,14:00:00,30,5,999
TSC,Gentle Keep Fit 2 -3.00pm,27-Jun-18,14:00:00,30,6,999
TSC,Leg Bum Tum 5.30-6.30pm,4-Jun-18,17:30:00,24,11,1999
TSC,Leg Bum Tum 5.30-6.30pm,11-Jun-18,17:30:00,24,7,1999
TSC,Leg Bum Tum 5.30-6.30pm,18-Jun-18,17:30:00,24,8,1999
TSC,Leg Bum Tum 5.30-6.30pm,25-Jun-18,17:30:00,24,9,1999
TSC,Legs Bums Tum 6.00-7.00pm,6-Jun-18,18:00:00,24,9,1999
TSC,Legs Bums Tum 6.00-7.00pm,13-Jun-18,18:00:00,24,8,1999
TSC,Legs Bums Tum 6.00-7.00pm,20-Jun-18,18:00:00,24,7,1999
TSC,Legs Bums Tum 6.00-7.00pm,27-Jun-18,18:00:00,24,3,1999
TSC,Metafit 5.30-6.00pm,6-Jun-18,17:30:00,24,7,1999
TSC,Metafit 5.30-6.00pm,13-Jun-18,17:30:00,24,6,1999
TSC,Metafit 5.30-6.00pm,20-Jun-18,17:30:00,24,7,1999
TSC,Metafit 5.30-6.00pm,27-Jun-18,17:30:00,24,3,1999
TSC,Pilates 9.30-10.30am,1-Jun-18,9:30:00,24,22,2999
TSC,Pilates 9.30-10.30am,6-Jun-18,9:30:00,24,23,2999
TSC,Pilates 9.30-10.30am,8-Jun-18,9:30:00,24,23,2999
TSC,Pilates 9.30-10.30am,13-Jun-18,9:30:00,24,24,2999
TSC,Pilates 9.30-10.30am,15-Jun-18,9:30:00,24,24,2999
TSC,Pilates 9.30-10.30am,20-Jun-18,9:30:00,24,24,2999
TSC,Pilates 9.30-10.30am,22-Jun-18,9:30:00,24,24,2999
TSC,Pilates 9.30-10.30am,27-Jun-18,9:30:00,24,22,2999
TSC,Pilates 9.30-10.30am,29-Jun-18,9:30:00,24,21,2999
TSC,Step 6-7pm,7-Jun-18,18:00:00,14,11,1999
TSC,Step 6-7pm,14-Jun-18,18:00:00,14,13,1999
TSC,Step 6-7pm,21-Jun-18,18:00:00,14,15,1999
TSC,Step 6-7pm,28-Jun-18,18:00:00,14,15,1999
TSC,Step- 10.00-11.00am,5-Jun-18,10:00:00,20,7,1999
TSC,Step- 10.00-11.00am,12-Jun-18,10:00:00,20,11,1999
TSC,Step- 10.00-11.00am,19-Jun-18,10:00:00,20,12,1999
TSC,Step- 10.00-11.00am,26-Jun-18,10:00:00,20,9,1999
TSC,Stretch Ntone12.30-1.30pm,6-Jun-18,12:30:00,24,9,1499
TSC,Stretch Ntone12.30-1.30pm,13-Jun-18,12:30:00,24,7,1499
TSC,Stretch Ntone12.30-1.30pm,20-Jun-18,12:30:00,24,8,1499
TSC,Stretch Ntone12.30-1.30pm,27-Jun-18,12:30:00,24,5,1499
TSC,Strokeskill 19.15-20.15pm,7-Jun-18,19:15:00,12,4,2999
TSC,Strokeskill 19.15-20.15pm,14-Jun-18,19:15:00,12,7,2999
TSC,Strokeskill 19.15-20.15pm,21-Jun-18,19:15:00,12,5,2999
TSC,Strokeskill 19.15-20.15pm,28-Jun-18,19:15:00,12,4,2999
TSC,Swim Fit-20.15-21.15pm,7-Jun-18,20:15:00,18,10,1499
TSC,Swim Fit-20.15-21.15pm,14-Jun-18,20:15:00,18,10,1499
TSC,Swim Fit-20.15-21.15pm,21-Jun-18,20:15:00,18,11,1499
TSC,Swim Fit-20.15-21.15pm,28-Jun-18,20:15:00,18,5,1499
TSC,Yoga 1.45-2.45pm,4-Jun-18,13:45:00,24,6,1999
TSC,Yoga 1.45-2.45pm,11-Jun-18,13:45:00,24,5,1999
TSC,Yoga 1.45-2.45pm,18-Jun-18,13:45:00,24,6,1999
TSC,Yoga 1.45-2.45pm,25-Jun-18,13:45:00,24,4,1999
TSC,Yoga 10.30-11.30am,1-Jun-18,10:30:00,24,20,1999
TSC,Yoga 10.30-11.30am,6-Jun-18,10:30:00,24,21,1999
TSC,Yoga 10.30-11.30am,8-Jun-18,10:30:00,24,20,1999
TSC,Yoga 10.30-11.30am,13-Jun-18,10:30:00,24,24,1999
TSC,Yoga 10.30-11.30am,15-Jun-18,10:30:00,24,22,1999
TSC,Yoga 10.30-11.30am,20-Jun-18,10:30:00,24,21,1999
TSC,Yoga 10.30-11.30am,22-Jun-18,10:30:00,24,19,1999
TSC,Yoga 10.30-11.30am,27-Jun-18,10:30:00,24,21,1999
TSC,Yoga 10.30-11.30am,29-Jun-18,10:30:00,24,22,1999
TSC,Yoga 12.45-1.45pm,4-Jun-18,12:45:00,24,8,1999
TSC,Yoga 12.45-1.45pm,11-Jun-18,12:45:00,24,7,1999
TSC,Yoga 12.45-1.45pm,18-Jun-18,12:45:00,24,12,1999
TSC,Yoga 12.45-1.45pm,25-Jun-18,12:45:00,24,6,1999
TSC,Yogalates 7.45-8.30pm,5-Jun-18,19:30:00,24,11,2999
TSC,Yogalates 7.45-8.30pm,12-Jun-18,19:30:00,24,11,2999
TSC,Yogalates 7.45-8.30pm,19-Jun-18,19:30:00,24,10,2999
TSC,Yogalates 7.45-8.30pm,26-Jun-18,19:30:00,24,8,2999
TSC,Yogalates 10.00-11.00am,7-Jun-18,10:00:00,24,12,2999
TSC,Yogalates 10.00-11.00am,14-Jun-18,10:00:00,24,7,2999
TSC,Yogalates 10.00-11.00am,21-Jun-18,10:00:00,24,7,2999
TSC,Yogalates 10.00-11.00am,28-Jun-18,10:00:00,24,5,2999
TSC,Yogalates 10.30-11.30am,4-Jun-18,10:30:00,24,14,2999
TSC,Yogalates 10.30-11.30am,11-Jun-18,10:30:00,24,9,2999
TSC,Yogalates 10.30-11.30am,18-Jun-18,10:30:00,24,11,2999
TSC,Yogalates 10.30-11.30am,25-Jun-18,10:30:00,24,10,2999
TSC,Zumba  6.30-7.30pm,4-Jun-18,18:30:00,18,10,1299
TSC,Zumba  6.30-7.30pm,11-Jun-18,18:30:00,18,11,1299
TSC,Zumba  6.30-7.30pm,18-Jun-18,18:30:00,18,9,1299
TSC,Zumba  6.30-7.30pm,25-Jun-18,18:30:00,18,9,1299
TSC,Zumba - 6-7pm,7-Jun-18,18:00:00,50,16,1299
TSC,Zumba - 6-7pm,14-Jun-18,18:00:00,50,13,1299
TSC,Zumba - 6-7pm,21-Jun-18,18:00:00,50,12,1299
